-- MySQL dump 10.13  Distrib 8.0.21, for Win64 (x86_64)
--
-- Host: localhost    Database: geekbrains_db
-- ------------------------------------------------------
-- Server version	8.0.20

/*!40101 SET @OLD_CHARACTER_SET_CLIENT=@@CHARACTER_SET_CLIENT */;
/*!40101 SET @OLD_CHARACTER_SET_RESULTS=@@CHARACTER_SET_RESULTS */;
/*!40101 SET @OLD_COLLATION_CONNECTION=@@COLLATION_CONNECTION */;
/*!50503 SET NAMES utf8 */;
/*!40103 SET @OLD_TIME_ZONE=@@TIME_ZONE */;
/*!40103 SET TIME_ZONE='+00:00' */;
/*!40014 SET @OLD_UNIQUE_CHECKS=@@UNIQUE_CHECKS, UNIQUE_CHECKS=0 */;
/*!40014 SET @OLD_FOREIGN_KEY_CHECKS=@@FOREIGN_KEY_CHECKS, FOREIGN_KEY_CHECKS=0 */;
/*!40101 SET @OLD_SQL_MODE=@@SQL_MODE, SQL_MODE='NO_AUTO_VALUE_ON_ZERO' */;
/*!40111 SET @OLD_SQL_NOTES=@@SQL_NOTES, SQL_NOTES=0 */;

--
-- Temporary view structure for view `all_users`
--

DROP TABLE IF EXISTS `all_users`;
/*!50001 DROP VIEW IF EXISTS `all_users`*/;
SET @saved_cs_client     = @@character_set_client;
/*!50503 SET character_set_client = utf8mb4 */;
/*!50001 CREATE VIEW `all_users` AS SELECT 
 1 AS `profiles_id`,
 1 AS `email`,
 1 AS `password`*/;
SET character_set_client = @saved_cs_client;

--
-- Table structure for table `articles`
--

DROP TABLE IF EXISTS `articles`;
/*!40101 SET @saved_cs_client     = @@character_set_client */;
/*!50503 SET character_set_client = utf8mb4 */;
CREATE TABLE `articles` (
  `id` int NOT NULL AUTO_INCREMENT,
  `name` varchar(245) NOT NULL,
  `author_id` int NOT NULL,
  `text` mediumtext NOT NULL,
  `created_at` datetime NOT NULL DEFAULT CURRENT_TIMESTAMP,
  `updated_at` datetime NOT NULL DEFAULT CURRENT_TIMESTAMP ON UPDATE CURRENT_TIMESTAMP,
  `num_of_views` int DEFAULT '0',
  PRIMARY KEY (`id`),
  KEY `fk_articles_profiles1_idx` (`author_id`),
  CONSTRAINT `fk_articles_profiles1` FOREIGN KEY (`author_id`) REFERENCES `profiles` (`id`)
) ENGINE=InnoDB AUTO_INCREMENT=11 DEFAULT CHARSET=utf8mb4 COLLATE=utf8mb4_0900_ai_ci;
/*!40101 SET character_set_client = @saved_cs_client */;

--
-- Dumping data for table `articles`
--

LOCK TABLES `articles` WRITE;
/*!40000 ALTER TABLE `articles` DISABLE KEYS */;
INSERT INTO `articles` VALUES (1,'dolorem',33,'Voluptas error optio suscipit ullam facilis. Dolor ab consequatur autem architecto.','1984-04-13 16:55:18','1976-12-08 04:39:53',13),(2,'eveniet',15,'Sit facere voluptates odio velit atque. Similique debitis veniam esse quia et recusandae qui perspiciatis. Enim ut atque a aut incidunt rerum. Laborum dolor et aspernatur qui quia voluptatem.','2011-02-10 04:38:01','1985-01-27 18:00:35',56),(3,'consequatur',23,'Dolorem ut totam distinctio quae. Aperiam optio provident molestiae suscipit enim eius nihil facilis. Qui adipisci dolorem maxime nobis.','1987-12-28 11:12:48','1971-12-10 16:28:00',78),(4,'in',70,'Placeat optio iusto voluptatum sunt. Qui id ut veritatis quisquam repudiandae harum nemo. Consequuntur ad numquam harum ut atque et. Ea consectetur quisquam aut iure molestias sunt.','2006-10-12 09:04:58','1983-08-21 21:12:44',24),(5,'iusto',66,'Illum numquam quaerat ut magni corporis sint. Esse dolores quam et et. Omnis ducimus impedit est qui. Et cupiditate eveniet perferendis architecto.','2008-12-11 18:36:43','2006-12-07 23:30:29',122),(6,'sit',36,'Assumenda id qui nulla consequatur quis. Ratione eum illum vel dolores possimus. Nihil dolore necessitatibus et ut illo. Suscipit rem quisquam quis soluta aut.','1998-08-11 09:27:05','1991-11-03 17:32:48',103),(7,'non',91,'A voluptas voluptas in cumque dolorem nostrum porro quo. Et quam quis architecto totam. Sint doloribus sint qui sunt id debitis quam. Vel earum at omnis quam totam ad commodi qui.','2008-12-23 09:57:38','1973-01-08 12:05:56',0),(8,'iusto',59,'Eveniet doloribus aspernatur tempore quia porro. Et maxime molestias pariatur alias hic. Laboriosam est suscipit temporibus aliquid quia laboriosam. Ipsa perferendis et possimus animi alias.','1981-07-20 19:58:15','1970-07-07 03:38:39',109),(9,'dolorem',1,'Ipsam est dolores dolor modi aperiam quas possimus. Est et et ex. Vero nesciunt autem aut quos est.','1999-06-24 06:50:42','1986-12-11 06:49:29',45),(10,'consectetur',30,'Porro aut eos excepturi ut voluptatem. Voluptatum voluptatibus omnis impedit consequuntur quis quisquam praesentium. Sunt mollitia quis et. Magnam odio quasi dolor recusandae.','1974-02-26 02:11:26','1994-03-06 14:07:20',73);
/*!40000 ALTER TABLE `articles` ENABLE KEYS */;
UNLOCK TABLES;

--
-- Table structure for table `blogs`
--

DROP TABLE IF EXISTS `blogs`;
/*!40101 SET @saved_cs_client     = @@character_set_client */;
/*!50503 SET character_set_client = utf8mb4 */;
CREATE TABLE `blogs` (
  `id` int NOT NULL AUTO_INCREMENT,
  `name` varchar(245) NOT NULL,
  `text` text NOT NULL,
  `author_id` int NOT NULL,
  `created_at` datetime NOT NULL DEFAULT CURRENT_TIMESTAMP,
  `updated_at` datetime NOT NULL DEFAULT CURRENT_TIMESTAMP ON UPDATE CURRENT_TIMESTAMP,
  `num_of_views` int DEFAULT '0',
  PRIMARY KEY (`id`),
  KEY `fk_blogs_profiles1_idx` (`author_id`),
  CONSTRAINT `fk_blogs_profiles1` FOREIGN KEY (`author_id`) REFERENCES `profiles` (`id`)
) ENGINE=InnoDB AUTO_INCREMENT=61 DEFAULT CHARSET=utf8mb4 COLLATE=utf8mb4_0900_ai_ci;
/*!40101 SET character_set_client = @saved_cs_client */;

--
-- Dumping data for table `blogs`
--

LOCK TABLES `blogs` WRITE;
/*!40000 ALTER TABLE `blogs` DISABLE KEYS */;
INSERT INTO `blogs` VALUES (1,'amet','At non quia consequatur. Sed delectus alias est velit qui numquam delectus. Ut quo reiciendis incidunt vel eaque et.',28,'2008-08-18 03:01:30','2006-10-23 02:00:19',60),(2,'neque','Doloremque ratione iste doloribus facere mollitia. Iure deserunt ipsa quisquam reiciendis est reiciendis. Enim doloremque et aliquam non et. Laborum sit tenetur ut quae delectus.',42,'1993-07-24 22:00:43','1979-07-25 23:56:25',102),(3,'dolor','Dolore et minima dolorem sed reprehenderit quo. Quisquam cupiditate aut rerum ipsa. Eveniet quos qui quam corporis.',88,'1970-02-21 10:17:57','2013-10-06 15:10:52',77),(4,'nihil','Sunt et ut ea suscipit et ut. Rerum impedit alias nisi sit dolore repellendus. Id a dolores ut repellendus. Consectetur eius voluptatem beatae facere ad. Ratione quisquam dolore alias eligendi.',93,'1989-11-16 06:59:02','1994-09-06 01:29:55',101),(5,'nulla','Adipisci minus ex non harum earum. Nostrum fugit excepturi sapiente voluptatibus. Quis tempore itaque perspiciatis at aut dolorem cupiditate.',18,'2020-05-27 18:35:17','2003-12-19 15:46:52',46),(6,'non','Sunt iusto porro sequi ut. Quia sit aut ex deserunt vel. Sed voluptas eos provident accusamus sed minima atque ea.',99,'2018-03-12 00:43:38','2013-03-13 21:13:51',27),(7,'doloribus','Dignissimos sint nesciunt et ad doloribus. Repudiandae dolores quas voluptas sed autem quas qui nulla. Vel eos harum quo laboriosam quaerat. Modi nemo quod officiis adipisci et.',48,'2018-11-23 08:18:53','1978-02-01 14:37:09',67),(8,'et','Eos natus quos numquam. Qui aut corrupti repudiandae doloribus. Veritatis ipsam nihil repellat ea quae cumque quia.',83,'1995-01-21 14:17:37','1996-12-26 09:43:05',26),(9,'ducimus','Suscipit voluptatem architecto eos vel est necessitatibus. Eligendi delectus hic dolores nam provident nesciunt sunt. Adipisci id vero aliquam eius quasi numquam.',54,'1997-07-31 03:01:07','2009-02-12 08:03:36',67),(10,'inventore','Doloremque est quas et aut dolor rerum aspernatur. Velit et officia nihil labore. Dignissimos similique iusto atque cumque incidunt. Inventore vitae nemo tempore reprehenderit.',31,'1970-05-15 04:05:46','1992-12-24 12:58:50',70),(11,'qui','Et quaerat aperiam natus sunt vel. Aperiam velit itaque pariatur consequuntur unde perspiciatis. Quia occaecati minima iure magni laborum. Tenetur ut et quo ullam.',63,'1982-01-18 02:31:28','2013-07-27 09:17:28',16),(12,'dolor','Nesciunt quis nam qui rerum. Fugit corporis non at quidem inventore.',8,'1992-01-27 13:40:45','1990-04-04 08:18:33',25),(13,'deserunt','Dolores laborum officiis voluptate perferendis. Est repellendus et labore blanditiis repudiandae quia. Natus sint hic eum nisi quaerat iusto quia quia.',88,'1983-05-08 12:41:29','1984-09-03 18:54:14',9),(14,'ad','Est quia molestiae in omnis debitis qui rerum. Architecto velit alias facilis aspernatur. Vero porro sapiente molestiae illum. Omnis quis non voluptate dolores id doloremque omnis.',2,'1978-07-30 02:02:18','1972-08-01 23:05:24',66),(15,'nesciunt','Debitis enim est blanditiis in repellendus. Nulla nesciunt nemo omnis eius eum inventore. Natus qui dolorem omnis et modi laborum.',80,'2007-04-19 20:43:29','1971-07-14 19:10:06',3),(16,'mollitia','Aut quo quibusdam itaque in perspiciatis. Eos sit ut et vitae laudantium harum. Amet voluptatibus et et optio et.',44,'2003-11-27 23:34:29','2008-12-31 03:29:24',40),(17,'enim','Id maxime voluptatibus atque minima. Architecto blanditiis et qui quia expedita enim.',94,'1983-07-31 17:11:02','2007-06-25 13:05:35',56),(18,'et','Facilis a aliquid dolorem et. Molestiae tempora non consectetur quas dolorum. Omnis tenetur numquam non modi minima et et esse. Corrupti aliquid sit consectetur dolorem perferendis maiores culpa.',60,'2009-01-18 16:22:02','1976-10-06 17:21:50',74),(19,'corporis','Dolorem cumque dolor quaerat vero quibusdam excepturi dolor nisi. Magni est assumenda soluta molestiae ipsum eveniet. Tempora ducimus dolorum ea ut minus.',19,'2004-04-25 15:02:09','2016-09-02 22:36:09',57),(20,'animi','Autem suscipit minima ea dolore deserunt corporis rem. Sed saepe ex illum. Dignissimos eaque aut eum sapiente.',84,'1990-12-24 08:28:39','2020-07-24 09:52:29',46),(21,'placeat','Illo eligendi quos eius ullam modi assumenda ipsa. Quos quasi a laborum dolor. Impedit nostrum dolorem expedita dolorem sunt molestias. Vel corrupti natus repudiandae.',51,'1991-02-04 19:09:22','1990-09-30 18:35:55',20),(22,'quisquam','Quia quo consequatur officia quisquam sunt. A inventore dicta molestias. Et et qui voluptatum quae et eos dignissimos.',60,'2018-02-27 11:01:19','2003-04-20 14:52:06',79),(23,'velit','Ab laborum porro magni laudantium temporibus optio. Doloremque reiciendis voluptates ut occaecati illum ea.',25,'1994-09-29 09:51:14','1982-10-03 03:22:17',13),(24,'sed','At in officia ut rem ratione tenetur minima. Fugiat ea voluptates reprehenderit non et. Fuga tenetur velit maxime et vero perspiciatis.',53,'2001-05-19 05:32:25','2014-02-09 20:16:57',108),(25,'quis','Sint inventore blanditiis consequatur rerum in. Distinctio consectetur exercitationem quo totam repudiandae veritatis velit. Unde et autem ut nihil. Beatae est dicta sunt quis.',64,'2006-07-14 06:13:26','1994-04-15 07:25:30',72),(26,'impedit','Quibusdam explicabo amet enim sed. Excepturi in quis et aut temporibus autem. Vel aut veniam numquam placeat enim ut beatae.',40,'2010-06-10 05:16:04','1982-06-27 06:37:52',37),(27,'et','Libero quaerat asperiores dolorem quia. Quis aut voluptas sit eaque eos. Soluta quidem sapiente et iusto aut.',60,'1979-04-18 04:25:50','1992-02-04 03:40:58',30),(28,'est','Facilis consectetur reiciendis aperiam accusamus. Officiis dicta aliquid est nobis voluptatem rerum voluptas. Sunt voluptas dolor incidunt qui iste.',73,'2004-10-02 05:07:53','1994-09-14 09:00:51',110),(29,'consequatur','Sit repellendus ut cumque porro et. Omnis aut occaecati porro.',83,'1986-05-05 16:39:00','1990-05-04 17:17:31',124),(30,'voluptas','Necessitatibus enim corporis quas. Earum eligendi distinctio porro et quas quibusdam. Eos blanditiis in sed ut rerum.',75,'1992-08-20 17:33:54','1994-03-09 07:21:27',108),(31,'nesciunt','Amet alias et voluptatem quis maxime. Nulla natus sed voluptas eveniet omnis. Repudiandae alias in neque aut iste. Dolor et nihil nihil dicta aut. Quo libero ipsam provident architecto accusantium.',78,'2012-02-16 16:04:22','1984-08-28 09:01:01',80),(32,'odio','Et aut consequatur omnis amet aut. Sunt ea explicabo at enim. Omnis quia rem mollitia.',11,'1982-08-05 13:12:03','2019-04-27 07:57:52',69),(33,'corporis','Cum laudantium tempore similique nihil. Laudantium a maiores iste nihil tempore nostrum. Sit assumenda nulla maxime temporibus vel. Esse tempore quia nulla possimus aut reprehenderit unde ut.',16,'1991-05-07 16:41:47','1980-08-18 13:49:17',57),(34,'velit','Sed enim sunt sunt repellat temporibus. Repellat assumenda eaque aliquam rerum. Dolore dolores quibusdam nostrum voluptatibus dolor aut mollitia et.',65,'1973-01-03 06:21:07','2015-07-25 19:51:10',55),(35,'at','Dolor velit amet quisquam minus. Distinctio laudantium et maxime illo vero delectus quaerat sint. Qui id in ad consequatur quo.',3,'2006-08-20 06:01:46','2018-07-29 09:45:08',114),(36,'labore','Ad sed explicabo id exercitationem ea voluptate aut. Aut deleniti et quia totam officiis. Nihil quia recusandae voluptas sed.',33,'1982-05-21 18:05:30','1991-11-02 08:38:46',28),(37,'quidem','Voluptates optio perferendis modi eos iure est hic. Rerum in esse illo ut. Sint exercitationem iusto et soluta omnis. Et reprehenderit repellat quas quis ea.',64,'1983-04-19 12:40:07','2008-03-01 02:23:17',115),(38,'commodi','Suscipit ea omnis distinctio quia exercitationem et et optio. Laboriosam dignissimos voluptatum dolores voluptate provident.',50,'2000-04-07 03:39:27','1997-03-02 21:12:17',44),(39,'sed','Corporis aliquid officiis ipsa voluptatibus alias rem. Numquam esse cupiditate deserunt id ipsa. Facilis eaque alias beatae fugiat. Aut similique aut consequatur vero voluptas est.',15,'1997-05-12 10:29:00','1982-03-06 11:30:16',105),(40,'eligendi','Dolorem sunt voluptate deserunt error ea. A tenetur ea ut sunt. Maiores est et qui architecto consequatur aut. Atque ut ea consectetur voluptatem ducimus.',17,'2012-03-28 12:20:51','2017-03-24 00:02:32',63),(41,'alias','Aut et minima rem aut nisi necessitatibus. Autem excepturi quia ullam omnis et eum dolores. Autem odio nobis quo sapiente quas ipsum.',80,'1984-05-08 16:25:12','2017-03-24 14:25:25',39),(42,'molestiae','Corrupti omnis et ea vero repellendus similique. Ea ut quia quas. Eos est officiis voluptas maiores sed.\nMinima et qui occaecati ut laborum aut. Ducimus et in similique.',77,'1998-08-10 07:05:08','2014-01-27 21:05:04',25),(43,'aut','Excepturi omnis iusto nobis qui aut rerum amet culpa. Numquam ducimus officiis cum. Non illo id voluptas earum adipisci a sed sit.',25,'1970-09-03 12:08:15','1998-05-07 14:59:23',50),(44,'inventore','Quo ea excepturi rem quisquam. Quos error quibusdam corporis ad magni excepturi. Iste dolores ipsa reprehenderit iste in.',68,'1992-09-07 21:54:10','1970-10-18 10:45:29',80),(45,'incidunt','Nihil voluptas impedit blanditiis. Quae voluptas amet voluptatem incidunt enim. Velit beatae nisi qui aliquid sunt. Laudantium ratione voluptatibus illum sint. Adipisci eum sit rerum quia.',78,'2003-09-10 18:48:03','1977-03-03 13:10:38',6),(46,'tenetur','Corporis blanditiis saepe omnis ipsam aut aut. Eaque omnis laboriosam ullam dolorem. Soluta beatae repellat et molestiae quaerat accusamus et.',4,'2007-08-24 00:50:32','1986-07-25 16:19:55',59),(47,'et','Ex consequatur et eligendi dolor autem nihil sapiente mollitia. Aut vero impedit aut earum autem error accusamus. Totam laudantium ut suscipit quod sequi rem sit.',12,'1985-04-21 14:10:53','2011-03-01 16:07:47',73),(48,'et','Ut eos dolor rerum quis. Itaque omnis magnam dignissimos magnam est eligendi. Qui similique aut qui tempora quasi facere. Porro excepturi occaecati excepturi quis.',72,'1970-01-26 21:00:32','2004-09-18 13:49:55',4),(49,'delectus','Saepe repudiandae id non eum veniam quo velit. Est quibusdam amet soluta et cupiditate. Doloremque dolorum omnis ex quis. Quo in cum nihil ea enim.',64,'2013-08-03 19:09:38','1994-06-10 03:01:26',110),(50,'est','Delectus vel exercitationem natus aut quo. Sed maiores est deserunt doloremque sapiente et. Ipsam repellendus reprehenderit quo est itaque tempora officia.',31,'1970-05-07 03:12:57','1974-03-05 03:33:38',100),(51,'qui','Quas et beatae recusandae optio aut. Aliquid maiores enim rem. Sed odit placeat eaque et beatae. Accusantium aut reiciendis omnis voluptas quas.',55,'1984-11-11 09:15:18','1978-06-30 02:47:53',63),(52,'culpa','Non id ipsa corrupti et vel earum error. Sed laborum quas occaecati pariatur. Ea sit aut officiis ipsam ipsam.',14,'2014-10-17 10:06:18','2000-11-05 19:59:54',21),(53,'necessitatibus','Saepe illum libero et voluptas a qui. Reprehenderit aspernatur nihil voluptate sed omnis esse mollitia. Omnis et adipisci odit dolor quo atque minima. Ad rerum quia ipsa est qui.',90,'1994-06-29 01:28:32','2019-06-29 23:47:38',65),(54,'id','Unde vel quisquam numquam tenetur atque incidunt iure doloremque. Quis eos et tempora nihil est est. Molestiae rem modi sit eos quod. In maxime ut quia laudantium.',80,'1999-07-11 07:44:03','2007-10-18 06:26:29',64),(55,'qui','Nemo nihil officia nesciunt inventore blanditiis commodi. Incidunt laudantium ullam qui quod at. Qui numquam voluptatibus esse dolor dolores et laborum. Non vel quibusdam nisi rerum repellendus.',66,'1973-08-20 00:06:15','2020-03-10 15:51:54',73),(56,'sunt','Omnis harum et ea illo. Unde quia voluptas repellendus qui est non numquam. Autem enim quis ex dolores et qui.\nDeleniti id ducimus asperiores numquam. Sequi nam ullam est vel consequatur.',53,'2009-08-26 07:30:05','1980-11-18 06:41:53',77),(57,'aut','Illum ducimus consectetur ut eos. Voluptatem rem fuga aut architecto sint impedit excepturi debitis. Unde unde eum quam molestias alias impedit veniam.',19,'1977-12-28 14:24:15','1988-04-27 21:47:39',96),(58,'sunt','Fuga tenetur mollitia voluptas suscipit. Velit corporis et quae et nostrum placeat.\nEnim reiciendis eum et pariatur nemo eos. Eos amet officia facere ut.',26,'2013-05-02 13:27:30','1981-10-30 17:19:36',18),(59,'dolores','Libero sit ut possimus blanditiis. Fugit voluptatem provident optio. Et rerum corrupti reiciendis quas possimus. Voluptas quos et est fugit dolor.',26,'2003-01-13 08:25:09','1977-09-02 14:23:46',33),(60,'voluptas','Aut et sit dicta aut assumenda. Sunt alias rerum voluptatem nobis vero error sed. Unde rem molestiae dignissimos nemo nulla.',2,'1987-02-26 11:53:28','1995-04-12 19:23:52',49);
/*!40000 ALTER TABLE `blogs` ENABLE KEYS */;
UNLOCK TABLES;

--
-- Table structure for table `blogs_comments`
--

DROP TABLE IF EXISTS `blogs_comments`;
/*!40101 SET @saved_cs_client     = @@character_set_client */;
/*!50503 SET character_set_client = utf8mb4 */;
CREATE TABLE `blogs_comments` (
  `id` int NOT NULL AUTO_INCREMENT,
  `blogs_id` int NOT NULL,
  `author_id` int NOT NULL,
  `text` text NOT NULL,
  `created_at` datetime NOT NULL DEFAULT CURRENT_TIMESTAMP,
  `is_answer` int DEFAULT NULL,
  PRIMARY KEY (`id`),
  KEY `fk_blogs_comments_blogs1_idx` (`blogs_id`),
  KEY `fk_blogs_comments_profiles1_idx` (`author_id`),
  CONSTRAINT `fk_blogs_comments_blogs1` FOREIGN KEY (`blogs_id`) REFERENCES `blogs` (`id`),
  CONSTRAINT `fk_blogs_comments_profiles1` FOREIGN KEY (`author_id`) REFERENCES `profiles` (`id`)
) ENGINE=InnoDB AUTO_INCREMENT=41 DEFAULT CHARSET=utf8mb4 COLLATE=utf8mb4_0900_ai_ci;
/*!40101 SET character_set_client = @saved_cs_client */;

--
-- Dumping data for table `blogs_comments`
--

LOCK TABLES `blogs_comments` WRITE;
/*!40000 ALTER TABLE `blogs_comments` DISABLE KEYS */;
INSERT INTO `blogs_comments` VALUES (1,28,9,'Dolores eligendi explicabo consequatur provident consequuntur aut sint voluptatum. Rem autem et rem hic. Sunt aut nisi sit amet. Aut fugit sunt in qui iste adipisci quam.','1995-06-05 04:34:39',0),(2,1,54,'Quas maiores sed adipisci reiciendis sunt. Incidunt aspernatur omnis sit quam. Rem vero minus saepe totam ullam.\nAut reiciendis autem beatae beatae dolor molestiae dolores. Et harum enim unde natus.','1988-03-13 06:06:42',1),(3,57,43,'Nihil omnis est sequi aperiam neque impedit magni. Eos magnam quia vel dolores saepe. Voluptatibus commodi aut est sed qui harum omnis est. Quaerat deleniti eum suscipit vitae labore ullam.','2013-03-15 12:19:11',0),(4,43,42,'Ipsa perferendis nam eaque laboriosam. Illum totam nulla animi. Vel earum et eveniet aut rerum dolores dolorem tempore.','2013-09-23 11:35:36',1),(5,32,88,'Minima deserunt sed ut aliquam inventore qui quo. Qui assumenda a et qui velit. Sunt vitae impedit repudiandae tempora ratione aut.','1993-10-14 05:41:05',1),(6,12,16,'Quibusdam consequatur et ut neque natus dolor architecto. Iure quaerat voluptas dolorum natus non quia qui. Ut nesciunt est accusantium similique. Est consequuntur rerum sit et.','1981-12-30 07:51:15',0),(7,47,21,'Quia voluptates aut perferendis occaecati dolore deleniti. Ut tempora voluptas est non eos doloremque cumque. Voluptatem recusandae ut natus qui asperiores.','1989-02-21 05:32:31',0),(8,16,85,'Magni nisi aut voluptas et placeat. Quia expedita repellat asperiores id laudantium et ut. Asperiores a sed quos qui consequatur sapiente.','1996-12-14 10:27:53',1),(9,39,77,'Veritatis velit et dolor iste corporis. Ut eius et nostrum earum. Eos unde cum quia aut unde. Nihil voluptatum neque officiis commodi repellendus molestias.','2003-03-09 04:58:58',0),(10,8,87,'Nobis aliquam ut minima doloribus ipsa sint eveniet. Consequatur at et libero eum facere sint. Temporibus quia illo cum. Voluptatem facere quae excepturi et.','1976-11-09 04:21:24',1),(11,10,58,'Ea eligendi quidem et molestiae id. Distinctio fuga ab distinctio fuga est veritatis sit voluptas. Maiores quaerat accusantium eos consequatur quos.','1997-07-28 03:25:12',1),(12,23,96,'Consectetur culpa odio iusto ut et. Non consequatur hic fugit distinctio cupiditate qui aut. Dolore non quia aliquam autem quo nam animi.','2001-06-15 10:46:23',0),(13,50,10,'Dolor molestiae aliquid rerum est quia. Ut quasi eum cupiditate dolores omnis. Et ut tempore sit eos est ut non.\nImpedit aliquid totam est quod. Est facilis sit impedit rerum.','2018-05-19 06:23:03',0),(14,25,50,'Facere quaerat labore qui. Praesentium voluptatibus repellendus aut omnis quibusdam accusamus. Deleniti ut assumenda cupiditate iure natus voluptatem at. Quaerat porro eum exercitationem commodi.','2000-11-03 02:36:08',1),(15,11,23,'Itaque deserunt id earum sunt. Nemo quia non consectetur debitis. Ea dolore soluta laboriosam ad esse. Magnam quia maxime animi sapiente accusantium quam totam minus.','2004-01-28 10:26:28',1),(16,28,62,'Molestias maxime quo harum vel facilis quo. Nostrum nihil voluptatum omnis nulla quasi. Quo enim consequuntur eos quo molestias non dolore.','2007-01-21 04:11:44',0),(17,19,46,'Cumque accusamus nostrum incidunt autem ipsam eum. Possimus id nihil illo. Odit omnis veritatis accusantium facere ab. Perspiciatis voluptatem voluptas fugiat dolore nam odio at.','1976-01-14 16:17:06',1),(18,10,26,'Sint repellat laborum quis ad aut inventore. Odit cum quam dolorem delectus vitae rem occaecati. Assumenda autem est hic distinctio. Qui dolorum autem molestias non laudantium praesentium.','1971-01-10 17:53:26',0),(19,53,86,'Et praesentium quidem non sit dolorem sed. Fugit provident explicabo nostrum provident sit explicabo id alias.','2002-11-11 09:54:41',1),(20,41,41,'Cum labore autem voluptatem. Ad sunt repellendus sed culpa omnis. Vel fuga sequi eos quia molestiae et laborum.','2018-07-22 10:17:35',0),(21,44,88,'Non distinctio atque odit consequatur. Laborum sint temporibus corrupti quasi quia velit error. Harum et eligendi placeat alias non sunt. Sunt vero et expedita nisi rem.','1982-12-11 06:42:04',0),(22,34,51,'Accusantium vitae atque ut eius. Eius ipsam soluta earum quod inventore repudiandae sint. Vel odio fugit aut accusamus ea aut quis.','2008-04-14 15:43:30',1),(23,5,81,'Dolorem id et aut sit nihil et corrupti minima. Non reiciendis mollitia eum qui et. Libero quia sit quos et aspernatur excepturi animi. Illo assumenda magnam commodi dolore a laborum est esse.','2015-12-14 20:39:53',1),(24,22,72,'Consequatur eum reiciendis dolor ea ab facilis. Unde enim similique beatae numquam saepe ea. Est quia sunt magni dolores aut necessitatibus et.','2012-07-10 01:52:53',0),(25,35,48,'Ex beatae fugit quia consequatur neque consequatur. Debitis beatae necessitatibus voluptas molestiae et reiciendis. Omnis culpa sunt cumque qui dolor quo modi error.','2003-08-18 19:46:12',0),(26,35,74,'Consequatur qui quis nobis. Omnis voluptatem nisi nam ut quae. Exercitationem sit quo quia aut. Voluptatem deleniti dolor et quia consequatur et. Voluptates ipsa autem quia enim quisquam.','2015-02-19 21:38:15',0),(27,3,96,'Dolorem cumque nesciunt provident magnam provident at sapiente. Debitis a sit non neque eveniet sunt minima. Et accusantium qui nulla dignissimos voluptas maiores consequuntur.','1990-09-19 15:57:03',1),(28,42,87,'Et ut ipsum sequi et explicabo officia mollitia sed. Asperiores quia accusamus vitae voluptates cum. Nam et ipsum beatae numquam inventore sint.','1990-01-15 16:12:07',0),(29,4,11,'Dicta ea consequatur vel numquam. Blanditiis corrupti autem esse voluptatum voluptates. Cum voluptas impedit eligendi a nam id qui. Officiis non cumque at enim veniam omnis.','2016-09-16 09:19:24',0),(30,22,22,'Et quis doloribus qui cupiditate. Quaerat aut minima neque non libero. Quisquam vero voluptas dolor vel enim.','1987-04-30 23:20:33',0),(31,20,82,'Dolores temporibus magni id suscipit voluptatem et ullam animi. Fugiat sed atque excepturi animi eaque. Autem soluta dolor ipsum libero.','1986-03-09 05:23:15',1),(32,51,64,'Accusamus doloribus aut ut. Repellat consequatur blanditiis repellat. Harum tenetur dolorem repudiandae enim fuga ea.','1984-12-27 15:34:26',1),(33,17,100,'Sed est qui ipsum omnis consequatur sed commodi. Placeat nam iure nam possimus ea. Et est dignissimos quia deleniti quia quo.','1991-02-24 05:50:06',1),(34,54,16,'Eos qui placeat eveniet ea. Dolores voluptatem est aspernatur qui eos totam. Rerum incidunt at et iste beatae ipsum. Cupiditate sit totam consequatur reiciendis voluptates ratione.','1976-01-26 14:34:14',0),(35,52,58,'Quia et natus quo nihil. Ipsa aut velit officia tempore. Et exercitationem sint et tempora cupiditate consequatur. Tempora aut saepe dolorem veniam eos maiores.','1976-12-02 06:32:06',1),(36,34,59,'Qui placeat dolorem temporibus beatae animi. Quis quod est tempora. Nesciunt in facere exercitationem omnis ut quos mollitia similique.','1992-08-24 19:25:34',1),(37,27,11,'Voluptas ex ab eum et. Asperiores eum hic et nobis placeat amet. Dolor accusamus corporis ea nisi repudiandae dolor. Ipsam aliquid qui reprehenderit.','2016-10-23 09:30:26',0),(38,6,53,'Ut nostrum facere sunt nihil ea. Qui excepturi voluptates voluptatibus perferendis quo. Nihil dolore architecto deserunt veniam.','2010-10-29 20:33:20',1),(39,55,45,'Sint sint dolores totam provident natus sequi. Fuga amet voluptas tempore animi soluta.','1970-02-02 09:28:38',0),(40,15,49,'Autem sunt occaecati animi explicabo quaerat laudantium. Minima vero quaerat tenetur laudantium. Maxime qui rerum rerum ea dolores.','1978-10-06 05:24:05',0);
/*!40000 ALTER TABLE `blogs_comments` ENABLE KEYS */;
UNLOCK TABLES;

--
-- Table structure for table `certificates`
--

DROP TABLE IF EXISTS `certificates`;
/*!40101 SET @saved_cs_client     = @@character_set_client */;
/*!50503 SET character_set_client = utf8mb4 */;
CREATE TABLE `certificates` (
  `id` int NOT NULL AUTO_INCREMENT,
  `profiles_id` int NOT NULL,
  `courses_id` int NOT NULL,
  `mark` tinyint(1) NOT NULL,
  `created_at` datetime NOT NULL DEFAULT CURRENT_TIMESTAMP,
  PRIMARY KEY (`id`),
  KEY `fk_certificates_profiles1_idx` (`profiles_id`),
  KEY `fk_certificates_courses1_idx` (`courses_id`),
  CONSTRAINT `fk_certificates_courses1` FOREIGN KEY (`courses_id`) REFERENCES `courses` (`id`),
  CONSTRAINT `fk_certificates_profiles1` FOREIGN KEY (`profiles_id`) REFERENCES `profiles` (`id`)
) ENGINE=InnoDB AUTO_INCREMENT=61 DEFAULT CHARSET=utf8mb4 COLLATE=utf8mb4_0900_ai_ci;
/*!40101 SET character_set_client = @saved_cs_client */;

--
-- Dumping data for table `certificates`
--

LOCK TABLES `certificates` WRITE;
/*!40000 ALTER TABLE `certificates` DISABLE KEYS */;
INSERT INTO `certificates` VALUES (1,39,21,5,'1992-06-18 10:46:03'),(2,89,5,2,'2015-09-09 20:14:32'),(3,41,18,4,'1978-01-28 05:52:37'),(4,14,32,2,'2009-07-06 21:50:46'),(5,1,11,2,'1997-05-10 09:36:00'),(6,44,33,4,'1971-08-17 20:54:28'),(7,15,6,3,'1987-12-26 21:45:00'),(8,29,29,3,'1986-08-11 21:59:31'),(9,15,24,5,'1980-10-20 08:26:01'),(10,10,18,2,'2018-10-23 14:45:32'),(11,49,17,2,'2009-02-03 10:47:48'),(12,47,1,5,'1999-04-27 00:09:09'),(13,43,37,4,'1972-10-03 00:24:00'),(14,32,36,2,'2004-02-17 22:27:09'),(15,59,30,2,'1992-08-09 07:50:36'),(16,11,49,3,'1976-10-13 07:27:34'),(17,1,50,2,'1980-01-19 08:37:36'),(18,6,21,4,'1979-09-29 17:48:54'),(19,34,10,5,'1985-12-30 05:48:31'),(20,4,18,2,'2015-06-03 02:07:02'),(21,41,24,4,'2009-04-25 09:13:53'),(22,100,28,5,'2000-03-27 06:33:17'),(23,59,15,3,'1999-05-06 22:18:50'),(24,13,37,4,'2000-04-01 23:14:26'),(25,77,11,5,'2010-07-21 12:13:36'),(26,10,13,3,'1991-12-13 09:53:38'),(27,55,28,3,'1992-03-11 23:30:12'),(28,26,49,3,'2007-07-10 12:48:29'),(29,30,29,2,'1986-01-26 12:23:50'),(30,68,44,5,'2002-04-02 13:14:28'),(31,17,39,4,'2016-02-10 07:21:50'),(32,85,9,2,'1970-07-17 12:31:45'),(33,78,45,4,'2006-02-03 03:08:48'),(34,58,6,2,'1995-12-21 22:47:04'),(35,9,31,2,'1993-02-17 20:11:49'),(36,46,25,5,'1975-01-25 09:39:49'),(37,9,23,4,'2009-06-11 15:03:11'),(38,4,34,3,'1977-10-03 05:26:04'),(39,74,9,3,'2018-08-23 01:57:26'),(40,42,26,5,'1973-03-02 04:21:10'),(41,38,26,4,'1976-07-15 03:45:21'),(42,76,46,4,'1990-04-25 23:33:32'),(43,7,1,5,'1973-05-21 14:06:19'),(44,89,19,5,'1990-11-22 12:45:46'),(45,59,28,2,'2001-11-26 12:22:42'),(46,25,38,5,'1992-08-07 19:17:05'),(47,34,5,3,'2013-05-01 12:00:09'),(48,92,6,3,'1985-03-29 12:48:01'),(49,99,25,3,'2001-06-14 13:56:02'),(50,22,4,4,'1994-08-31 21:34:30'),(51,11,34,5,'1988-01-29 21:31:08'),(52,57,10,2,'2008-05-20 10:28:17'),(53,12,30,5,'1997-03-31 18:19:50'),(54,86,43,3,'2006-12-14 15:40:44'),(55,77,14,5,'2011-09-21 11:51:37'),(56,36,7,2,'1973-10-23 20:22:09'),(57,78,6,2,'2003-01-31 19:32:29'),(58,6,43,5,'1994-03-15 16:47:22'),(59,13,47,3,'1993-05-11 06:09:43'),(60,22,36,4,'1986-01-01 11:17:26');
/*!40000 ALTER TABLE `certificates` ENABLE KEYS */;
UNLOCK TABLES;

--
-- Table structure for table `courses`
--

DROP TABLE IF EXISTS `courses`;
/*!40101 SET @saved_cs_client     = @@character_set_client */;
/*!50503 SET character_set_client = utf8mb4 */;
CREATE TABLE `courses` (
  `id` int NOT NULL AUTO_INCREMENT,
  `name` varchar(245) NOT NULL,
  `index` tinyint(1) NOT NULL,
  `created_at` datetime NOT NULL DEFAULT CURRENT_TIMESTAMP,
  `updated_at` datetime NOT NULL DEFAULT CURRENT_TIMESTAMP ON UPDATE CURRENT_TIMESTAMP,
  PRIMARY KEY (`id`)
) ENGINE=InnoDB AUTO_INCREMENT=51 DEFAULT CHARSET=utf8mb4 COLLATE=utf8mb4_0900_ai_ci;
/*!40101 SET character_set_client = @saved_cs_client */;

--
-- Dumping data for table `courses`
--

LOCK TABLES `courses` WRITE;
/*!40000 ALTER TABLE `courses` DISABLE KEYS */;
INSERT INTO `courses` VALUES (1,'blanditiis',2,'1988-09-02 22:08:21','2016-09-12 18:26:07'),(2,'vero',1,'1978-03-22 03:27:39','1988-05-15 23:28:47'),(3,'dignissimos',1,'1995-07-13 20:32:07','2016-10-25 13:09:19'),(4,'explicabo',0,'2012-12-13 01:39:10','1986-09-16 06:06:20'),(5,'commodi',2,'1977-08-11 03:05:48','2003-06-22 23:31:36'),(6,'sit',2,'1996-08-27 21:45:25','1974-01-15 09:03:10'),(7,'nihil',1,'1982-05-31 21:24:42','1987-02-06 14:08:19'),(8,'pariatur',0,'1971-02-25 11:41:24','1998-07-06 04:26:05'),(9,'officiis',2,'1981-12-27 05:55:13','1970-06-17 02:32:06'),(10,'officiis',2,'2018-08-02 09:00:08','2001-09-09 05:25:35'),(11,'accusamus',1,'1996-01-02 09:45:40','1989-04-12 17:58:57'),(12,'ipsa',1,'1974-09-23 09:42:00','1999-05-17 20:57:16'),(13,'aut',0,'1998-03-30 01:46:37','1977-07-09 23:49:07'),(14,'et',2,'1980-01-20 19:12:56','2004-05-04 05:42:15'),(15,'maxime',2,'2014-02-02 00:35:32','1972-05-31 10:21:57'),(16,'quos',2,'2018-04-16 21:18:54','2002-08-10 11:50:13'),(17,'dolore',2,'2020-08-31 02:44:02','2000-11-04 12:45:12'),(18,'iste',0,'2006-06-08 06:18:43','1985-11-26 12:00:49'),(19,'distinctio',2,'2004-08-25 23:31:58','2005-02-05 21:30:30'),(20,'earum',1,'1996-12-24 17:20:42','1974-08-10 02:22:09'),(21,'omnis',1,'1970-10-01 04:55:02','2005-07-09 12:10:51'),(22,'blanditiis',1,'1974-09-01 13:50:22','2009-03-26 02:19:41'),(23,'dignissimos',0,'2012-01-20 14:00:03','2006-07-23 11:46:41'),(24,'neque',0,'1980-11-20 20:21:57','1985-10-05 06:52:54'),(25,'enim',2,'1975-09-26 03:56:07','2019-06-28 10:23:54'),(26,'molestiae',1,'2014-09-13 03:52:20','2013-11-10 04:55:28'),(27,'impedit',2,'1993-03-22 12:09:59','1993-10-14 14:34:07'),(28,'voluptate',1,'1981-01-05 05:40:06','1994-06-19 01:19:37'),(29,'aut',2,'1997-02-02 22:04:29','2019-08-16 08:53:05'),(30,'magni',2,'1977-10-15 07:00:00','1976-09-28 23:01:09'),(31,'occaecati',0,'1974-06-05 17:34:58','2020-08-15 20:35:52'),(32,'exercitationem',2,'2008-10-23 04:04:15','1976-12-18 20:34:31'),(33,'neque',1,'2008-10-06 15:21:25','2018-07-04 15:18:13'),(34,'et',0,'1996-10-19 19:01:08','2018-02-17 08:44:33'),(35,'recusandae',1,'1984-08-17 06:30:21','1977-06-17 08:01:13'),(36,'vel',1,'1992-06-02 09:00:40','1999-11-16 09:50:32'),(37,'iste',0,'2006-05-16 11:26:09','1993-03-30 14:58:19'),(38,'consequatur',2,'2010-02-24 11:11:22','1979-06-05 05:00:48'),(39,'sed',0,'2014-08-09 10:37:22','2001-08-01 16:33:20'),(40,'dolorem',0,'1990-11-12 17:29:04','1982-10-07 23:46:44'),(41,'qui',0,'1975-07-13 02:14:35','2004-05-22 03:15:48'),(42,'laudantium',2,'1989-11-19 04:12:02','2013-01-09 02:50:42'),(43,'quibusdam',1,'1987-02-27 02:35:46','2014-09-13 16:22:01'),(44,'ipsum',0,'1989-10-11 01:26:51','1980-01-27 01:58:13'),(45,'qui',0,'1997-01-31 15:33:39','2003-07-02 08:46:27'),(46,'fugit',0,'1993-11-15 05:13:41','1981-05-07 21:03:09'),(47,'aperiam',2,'1972-01-22 21:20:52','2007-10-06 11:28:19'),(48,'dolore',0,'2008-04-11 17:19:55','1984-02-22 21:30:36'),(49,'voluptates',1,'2004-12-01 22:00:04','1989-10-01 09:33:53'),(50,'dolorum',0,'1993-12-06 04:47:02','1990-07-23 13:30:31');
/*!40000 ALTER TABLE `courses` ENABLE KEYS */;
UNLOCK TABLES;

--
-- Table structure for table `discussions`
--

DROP TABLE IF EXISTS `discussions`;
/*!40101 SET @saved_cs_client     = @@character_set_client */;
/*!50503 SET character_set_client = utf8mb4 */;
CREATE TABLE `discussions` (
  `id` int NOT NULL AUTO_INCREMENT,
  `topic` varchar(245) NOT NULL,
  `name` varchar(245) NOT NULL,
  `text` text NOT NULL,
  `author_id` int NOT NULL,
  `created_at` datetime NOT NULL DEFAULT CURRENT_TIMESTAMP,
  `updated_at` datetime NOT NULL DEFAULT CURRENT_TIMESTAMP ON UPDATE CURRENT_TIMESTAMP,
  PRIMARY KEY (`id`),
  KEY `fk_discussions_profiles1_idx` (`author_id`),
  CONSTRAINT `fk_discussions_profiles1` FOREIGN KEY (`author_id`) REFERENCES `profiles` (`id`)
) ENGINE=InnoDB AUTO_INCREMENT=31 DEFAULT CHARSET=utf8mb4 COLLATE=utf8mb4_0900_ai_ci;
/*!40101 SET character_set_client = @saved_cs_client */;

--
-- Dumping data for table `discussions`
--

LOCK TABLES `discussions` WRITE;
/*!40000 ALTER TABLE `discussions` DISABLE KEYS */;
INSERT INTO `discussions` VALUES (1,'laboriosam','et','Asperiores et similique harum quisquam labore omnis unde. Alias molestiae omnis est occaecati dolores. Corporis aut id dolor totam commodi accusantium.',17,'2009-01-18 11:03:56','2010-10-04 07:07:33'),(2,'voluptatibus','maiores','Ut inventore in veniam optio inventore dolor. Ea beatae provident omnis libero sequi. Quod aut a amet aut doloremque facilis.',14,'1979-06-30 13:25:59','2010-02-09 13:47:17'),(3,'atque','soluta','Sint quasi porro laborum ut ducimus. Rem sit repudiandae aperiam eius qui iusto voluptas. Labore laboriosam illo dolores sed nihil aut.',46,'1981-12-28 10:24:20','1985-01-31 23:05:34'),(4,'consequatur','rem','Numquam ad qui quisquam minima et enim alias. Ut tenetur similique explicabo necessitatibus quia ab. Qui est nihil odio aliquid tenetur. Itaque dolor autem accusantium ipsa et.',25,'1974-03-26 00:31:37','1978-11-24 14:27:59'),(5,'tempore','sunt','Quae autem explicabo repudiandae ut repudiandae. Aut aut voluptatum et tempore ad officia. Similique magni eum facilis animi ipsum alias quis.',28,'1994-12-05 12:29:56','2017-05-25 03:11:23'),(6,'excepturi','esse','Id deleniti eum reiciendis temporibus magni atque. Dolorem tempore ex molestiae. Et voluptatum et eaque eum maxime.',66,'2005-06-16 01:57:19','1999-11-16 18:17:13'),(7,'impedit','nam','Aut quisquam atque quo. Dolorum voluptatibus totam magni. Ut reiciendis consequuntur dolorum quo reiciendis.\nMaiores perferendis consequatur voluptas aut. Eum architecto impedit dolor a.',44,'2015-07-27 05:01:12','1991-12-12 07:54:38'),(8,'modi','asperiores','Sint sed fuga placeat distinctio quis aut at. Animi voluptates placeat et placeat optio voluptas dolor error. Vitae fuga voluptatem architecto et omnis amet molestiae. Et sit voluptatem qui.',18,'1998-06-11 10:33:30','1985-05-28 23:51:33'),(9,'expedita','rerum','Et iusto qui quas qui. Reiciendis occaecati fuga voluptas aut soluta neque. Sed maiores ad et.',56,'1985-12-16 05:00:16','2004-07-29 09:53:13'),(10,'molestias','velit','Fugiat dolor modi asperiores suscipit omnis. Molestias ipsa quae eos et cum in possimus. Ut qui doloremque beatae ut perspiciatis. Rerum ut provident sed.',14,'1979-02-12 19:40:22','1983-04-06 04:35:24'),(11,'in','beatae','Alias placeat nobis harum qui voluptate. Consequatur architecto praesentium accusantium ut.',92,'1980-10-09 22:54:15','2001-04-13 04:35:43'),(12,'omnis','ut','Velit officiis ratione ipsa ipsa est. Porro qui aut officia veniam quod. Debitis consequatur alias officia laboriosam rerum. Velit commodi ratione omnis nihil quia tenetur rerum.',66,'1984-06-19 13:07:06','2000-05-24 14:44:48'),(13,'velit','blanditiis','Est pariatur itaque officia aut. Vel quod est eum quia iure dolor sunt laudantium. Aut sapiente ab recusandae recusandae.',98,'2005-04-27 04:00:48','1985-03-29 11:53:42'),(14,'est','dolorem','In occaecati impedit aspernatur voluptas non rem. Atque magnam ut necessitatibus ratione atque. Molestiae quos vitae itaque amet. Sit eveniet odit praesentium culpa quia.',32,'2017-11-14 20:26:06','1991-01-27 00:13:50'),(15,'a','vel','Sed distinctio eaque ipsa voluptatem. Distinctio suscipit explicabo harum nobis aliquam voluptatem enim. Sit ratione magnam aut.',69,'1988-11-18 08:50:20','1991-07-05 05:35:25'),(16,'voluptates','quibusdam','Id est illo voluptatum modi fugiat culpa. Optio voluptas fugiat odio quae quae eaque.',82,'1995-04-19 12:15:08','1993-04-18 07:50:58'),(17,'ullam','quasi','Consequatur aspernatur qui temporibus cumque aut placeat debitis numquam. Soluta soluta fuga iusto ratione natus. Modi voluptatum eius sit et.',7,'1999-04-06 15:03:29','2013-05-31 21:22:34'),(18,'odit','vel','Corporis doloribus vero facere perspiciatis magnam sit. Qui omnis eos non nobis veniam. Qui ullam deleniti iure soluta. Temporibus velit unde eligendi similique modi.',63,'1999-12-08 01:48:15','1986-01-02 15:45:23'),(19,'tempore','reprehenderit','Architecto repellendus non aut est sunt possimus. Vel quos et dolore quia iure porro ut. Quaerat et adipisci exercitationem necessitatibus et numquam.',46,'1996-11-07 13:29:19','2011-10-26 23:54:20'),(20,'nobis','eos','Totam dolorem libero qui aut expedita aliquid aliquid. Corrupti aspernatur consequuntur fuga aut. Ut aspernatur iusto est eos vitae cupiditate.',100,'1992-03-11 18:49:04','1971-03-31 20:22:58'),(21,'et','dolor','Officia consectetur eaque eum quia. Quod nobis maiores odit accusantium quaerat cupiditate molestias.',43,'2020-06-17 02:21:08','1972-08-11 19:52:53'),(22,'beatae','fugiat','Veniam dicta aut quia sed dolore et ut placeat. Odit qui quo quia consequatur in et consequatur. Non et aliquam est nihil.',84,'1989-10-05 01:02:01','1997-04-03 18:06:34'),(23,'magnam','ea','Omnis ullam tempora sit et sunt sapiente. Consequatur qui minima et commodi quae. Ipsa ipsa voluptas odio qui consequatur sint quia.',72,'1975-08-03 03:52:58','2014-11-28 06:15:54'),(24,'ducimus','repudiandae','Cum in voluptatem cum autem nesciunt eligendi. Assumenda possimus odio magnam placeat.',40,'2003-02-16 02:47:37','2013-01-28 09:00:31'),(25,'illum','consequuntur','Rerum ut modi eos molestiae voluptatem sapiente corrupti. Cumque mollitia et iure. Qui provident voluptatem non quia ipsa ab. Id omnis omnis omnis molestias sunt ab magni voluptatem.',18,'1977-01-15 00:49:53','1987-10-30 13:08:05'),(26,'quam','aspernatur','Quia et et et natus sint. Ipsam delectus iste reprehenderit. Et sint nam incidunt voluptate rerum vitae.',93,'2009-05-25 01:43:02','1995-12-23 05:39:51'),(27,'incidunt','quisquam','Maiores nulla accusamus in blanditiis iure distinctio ut voluptatum. Aut autem ut corporis nisi maxime. Quod vero et autem ullam autem veniam.',97,'2013-01-05 12:13:53','1972-07-28 08:20:16'),(28,'dignissimos','vel','Omnis officia quod in molestias. Possimus ipsum aut vel inventore rem voluptas. Ut et ipsam quos praesentium repellendus dolorum velit.',65,'2004-01-31 19:24:37','1978-01-04 21:42:31'),(29,'at','et','Quis et repellendus eum hic magni quia vero iusto. Sed expedita velit animi esse quo. Laudantium consequatur consequatur et corrupti est aut. Totam sequi autem velit voluptatibus ipsum.',82,'2004-04-26 17:27:50','2000-11-03 18:46:03'),(30,'sed','minima','Quidem ex numquam earum aut natus amet sapiente magnam. Eligendi et reiciendis vel et repellendus sit aut. Magni maxime inventore est et odio quas nihil porro.',83,'1991-08-16 14:23:19','2015-10-13 13:50:58');
/*!40000 ALTER TABLE `discussions` ENABLE KEYS */;
UNLOCK TABLES;

--
-- Table structure for table `forums`
--

DROP TABLE IF EXISTS `forums`;
/*!40101 SET @saved_cs_client     = @@character_set_client */;
/*!50503 SET character_set_client = utf8mb4 */;
CREATE TABLE `forums` (
  `id` int NOT NULL AUTO_INCREMENT,
  `topic` varchar(245) NOT NULL,
  `name` varchar(245) NOT NULL,
  `text` text NOT NULL,
  `profiles_id` int NOT NULL,
  `created_at` datetime NOT NULL DEFAULT CURRENT_TIMESTAMP,
  `updated_at` datetime NOT NULL DEFAULT CURRENT_TIMESTAMP ON UPDATE CURRENT_TIMESTAMP,
  PRIMARY KEY (`id`),
  KEY `fk_forums_profiles1_idx` (`profiles_id`),
  CONSTRAINT `fk_forums_profiles1` FOREIGN KEY (`profiles_id`) REFERENCES `profiles` (`id`)
) ENGINE=InnoDB AUTO_INCREMENT=21 DEFAULT CHARSET=utf8mb4 COLLATE=utf8mb4_0900_ai_ci;
/*!40101 SET character_set_client = @saved_cs_client */;

--
-- Dumping data for table `forums`
--

LOCK TABLES `forums` WRITE;
/*!40000 ALTER TABLE `forums` DISABLE KEYS */;
INSERT INTO `forums` VALUES (1,'molestiae','velit','Numquam unde nemo dolor voluptatibus aut sed. Dolorem id ut alias et veritatis est. Dolorem reiciendis facere deleniti voluptas.',60,'1999-10-19 20:47:41','1983-04-13 16:31:43'),(2,'voluptas','vel','Earum distinctio aut aut magnam. Sit rerum eos magni.',33,'1975-05-06 02:28:09','1994-11-18 06:06:42'),(3,'doloribus','dicta','Quos doloribus perferendis ea perspiciatis. Officiis expedita itaque unde commodi consequatur et molestiae rerum. Doloribus dignissimos rem odit totam.',39,'1976-10-31 19:12:04','2002-09-08 10:33:33'),(4,'iste','dicta','Qui optio quo consectetur temporibus ullam. Delectus reprehenderit totam hic pariatur quis vero assumenda est. Aperiam voluptas nam sint quis nam.',33,'2006-05-11 09:08:09','1980-09-29 16:41:21'),(5,'quia','facilis','Sed commodi et molestiae quia magni rerum veniam. Minima illum animi nam porro officia hic. Dolorum rerum et ut aut nulla. Sequi qui doloribus eligendi sed harum consectetur.',13,'1991-04-19 20:45:46','1987-03-22 06:07:26'),(6,'non','ratione','Fugiat fugiat sapiente laborum vel veritatis ducimus voluptatibus. Et inventore maiores nam qui qui eos quia quos.',78,'2002-07-11 05:50:09','2006-08-24 07:23:25'),(7,'incidunt','rerum','Aliquam quaerat sit molestiae corrupti ut ex. Aliquid vel ex ullam deleniti. Explicabo dolore nemo tenetur omnis molestiae ut dolorum.',92,'2013-08-19 21:45:47','2018-06-01 17:11:45'),(8,'iste','neque','Vero et sequi id illo distinctio. Quasi sint praesentium fuga et nesciunt neque quia. Magni dolore maiores dolore non voluptatem.',80,'2018-05-16 16:28:32','2006-06-21 01:16:27'),(9,'at','aut','Dolores sit repellat et non dolor. Ut qui suscipit eius fuga. Voluptas suscipit consequatur nemo. Modi accusamus sapiente nobis dolor quia mollitia.',4,'1974-05-15 10:41:47','2019-02-07 18:46:00'),(10,'sapiente','placeat','Ad vitae nihil et aperiam eum et. Adipisci quod quia perferendis sed sapiente blanditiis ipsam. Dolores autem consequatur quod recusandae rem nesciunt.',60,'1978-06-29 00:50:25','1981-01-29 09:42:21'),(11,'dolore','quis','Voluptas hic accusamus culpa nihil error pariatur sint. At libero exercitationem rerum qui nihil maiores dolorem. A repellendus facere eaque eos. Commodi temporibus vel et labore sint placeat.',64,'2009-02-12 22:12:44','2013-07-10 07:07:39'),(12,'molestiae','est','Sunt aliquid ullam necessitatibus illum et. Rerum totam omnis illo reprehenderit amet. Eum ad impedit quibusdam nulla. Dolore odio deleniti optio voluptate dignissimos ut.',11,'1985-04-13 05:27:00','1986-04-27 22:35:28'),(13,'delectus','sequi','Corporis ab aperiam modi veritatis. Adipisci rerum fuga excepturi iste excepturi qui tempore. Est in nihil pariatur qui repellendus suscipit eius.',18,'2006-12-24 19:22:20','1997-07-29 01:17:12'),(14,'culpa','repellat','Ipsam rerum aliquam et maxime voluptatem totam id itaque. In ducimus qui est iste et.',100,'2004-01-16 10:49:10','1996-09-17 13:59:30'),(15,'molestiae','totam','Cumque totam quia veritatis doloremque optio exercitationem distinctio. Minima perspiciatis dolores vero voluptatem sed earum quibusdam et.',34,'1970-08-11 20:55:43','2009-01-02 23:25:15'),(16,'optio','rerum','Quia et ab ipsa repudiandae inventore. Id rerum sapiente labore quas sint. Et repellendus expedita consequatur ullam quia quia quod ex. Saepe quia voluptatum at eveniet distinctio.',97,'2016-01-30 18:58:25','1996-06-04 23:55:22'),(17,'incidunt','deserunt','Ullam quas qui vel eos consequuntur perferendis dolor. Voluptatem occaecati laborum iure.',26,'1990-03-08 13:02:28','1996-03-23 00:27:28'),(18,'aut','rem','Reiciendis ut natus velit minima. Doloremque quisquam dolor et voluptatem exercitationem non expedita nemo. Sed voluptas atque rerum quia veritatis.',84,'1978-08-29 08:32:55','1978-10-24 01:21:25'),(19,'quo','et','Corporis et ad et et. Expedita aut praesentium sunt consequuntur est repellat. Non enim quo illum mollitia quis ut.',93,'2018-10-01 20:39:59','2016-06-01 22:55:10'),(20,'et','voluptates','A odio libero eligendi accusamus eaque occaecati illum aut. Dolore fugiat est minima veritatis eveniet. Quos ad deleniti omnis.',19,'2006-05-31 21:09:06','1984-06-29 14:10:57');
/*!40000 ALTER TABLE `forums` ENABLE KEYS */;
UNLOCK TABLES;

--
-- Table structure for table `homeworks`
--

DROP TABLE IF EXISTS `homeworks`;
/*!40101 SET @saved_cs_client     = @@character_set_client */;
/*!50503 SET character_set_client = utf8mb4 */;
CREATE TABLE `homeworks` (
  `profiles_id` int NOT NULL,
  `practical_works_id` int NOT NULL,
  `file_path` varchar(245) DEFAULT NULL,
  `text` text NOT NULL,
  `created_at` datetime NOT NULL DEFAULT CURRENT_TIMESTAMP,
  KEY `fk_homeworks_profiles1_idx` (`profiles_id`),
  KEY `fk_homeworks_practical_works1_idx` (`practical_works_id`),
  CONSTRAINT `fk_homeworks_practical_works1` FOREIGN KEY (`practical_works_id`) REFERENCES `practical_works` (`id`),
  CONSTRAINT `fk_homeworks_profiles1` FOREIGN KEY (`profiles_id`) REFERENCES `profiles` (`id`)
) ENGINE=InnoDB DEFAULT CHARSET=utf8mb4 COLLATE=utf8mb4_0900_ai_ci;
/*!40101 SET character_set_client = @saved_cs_client */;

--
-- Dumping data for table `homeworks`
--

LOCK TABLES `homeworks` WRITE;
/*!40000 ALTER TABLE `homeworks` DISABLE KEYS */;
INSERT INTO `homeworks` VALUES (53,89,'video/3gpp2','Voluptas quo maiores iure facere. Quis sit dolorem sed aut pariatur maiores quos. Veritatis similique excepturi excepturi unde praesentium excepturi at.','2018-04-28 06:49:05'),(27,90,'application/vnd.ms-artgalry','Id quo dolores ab quidem recusandae perspiciatis ipsa enim. Voluptatibus et explicabo aut officiis delectus minima ea dolor. Dignissimos consequatur ut facere necessitatibus sapiente.','1976-01-17 22:15:37'),(22,53,'application/x-shar','Rerum ducimus et consequatur eaque maxime. Architecto doloribus recusandae ut quia dolore quia neque. Modi aut quos adipisci sapiente ea placeat consectetur.','2000-08-20 05:31:30'),(85,60,'image/vnd.dvb.subtitle','Architecto et et repellat id. Eos corporis explicabo nesciunt enim mollitia. Facere harum adipisci laudantium temporibus. Et ut dignissimos voluptatem unde sunt.','2003-12-31 16:44:12'),(69,91,'image/x-tga','Ut est voluptatem velit commodi aspernatur consequatur. Fuga impedit atque eum vitae. Dicta consequuntur ducimus numquam fuga earum. Sed voluptas occaecati nihil fugiat commodi ullam explicabo.','2013-03-01 13:35:08'),(78,93,'application/vnd.rn-realmedia-vbr','Voluptatem maxime sunt quidem. Tempore voluptate cumque nihil est quis. Iusto dolores vitae enim accusamus eos. Earum explicabo facere natus corporis modi.','1981-11-10 12:07:32'),(36,5,'application/vnd.stepmania.stepchart','Provident beatae consequatur nisi est. Sit voluptas eaque et non adipisci consequatur neque.','2006-12-10 02:19:44'),(79,6,'text/vnd.wap.wml','Quidem quos odit nam eos molestiae nihil. Velit officiis nesciunt repudiandae assumenda officiis et est. Impedit exercitationem ut vitae odio iure.','1987-10-04 13:13:58'),(42,88,'application/vnd.ms-pki.stl','Quidem voluptates aut sapiente rem quibusdam consequatur et ut. Nisi dolores et temporibus hic esse deserunt et. Earum iste et quia corrupti eos non rerum.','1986-08-05 12:34:46'),(21,10,'image/gif','Minus maxime quidem voluptatem cumque eius. Est odio quidem a ex recusandae nemo et. Sapiente ut aut voluptas qui quia omnis repellendus magnam.','2001-11-28 10:31:27'),(21,90,'application/vnd.trid.tpt','Numquam ratione dolor qui rem officiis fugit enim. Harum eum rem nulla. Neque sunt numquam minima officia. Nobis quas dicta ut accusamus. Autem quidem sit qui aut eum voluptatum velit fuga.','2009-04-11 02:58:47'),(4,56,'image/cgm','Nam voluptas enim aliquid consectetur sit. Voluptatum atque minus fugit aperiam placeat impedit est. Officia tempora aperiam esse consectetur nihil quo harum.','1994-01-08 02:05:11'),(80,23,'application/vnd.ds-keypoint','Dolores explicabo voluptatem quia qui et a illo. Voluptatem iste debitis sunt. Ipsum aliquid maiores repellat sit aut ea. Iusto ut quidem id error occaecati dignissimos.','1980-04-18 00:43:10'),(39,80,'application/vnd.ms-lrm','Accusamus quasi vel nihil facilis et commodi qui. Quia quod qui recusandae modi animi. Facere quis ratione nam ipsam consequuntur non. Molestiae commodi minima doloremque recusandae.','1987-05-02 02:45:51'),(59,90,'application/x-stuffitx','Voluptatum neque aut quia facere et est et. Rem error nesciunt totam qui. Dolorum iure id dignissimos quae error in modi.','2016-09-27 10:49:02'),(88,11,'image/gif','Dolorem repudiandae ut ipsa exercitationem culpa voluptatem rem. Minima cum est et. Dignissimos rerum quas odio et nam id asperiores. Et expedita quis ut natus ducimus autem.','2000-09-29 20:05:42'),(79,15,'application/vnd.seemail','Ipsum alias laborum repellat saepe ut neque. Officiis ea libero qui laudantium similique. Esse iure architecto corrupti aut unde nemo. Nulla ad nam voluptas voluptas similique.','1990-11-29 12:41:33'),(1,1,'application/x-blorb','Voluptate optio est dignissimos eos molestiae ea. Odit mollitia consequatur soluta similique porro voluptatem quos. Blanditiis consequatur eveniet accusantium labore veritatis.','2007-03-28 04:44:29'),(67,85,'application/vnd.simtech-mindmapper','Rerum consectetur aliquid numquam minima. Optio consequuntur quas est corrupti ad optio distinctio sequi. Et molestiae quia voluptates reiciendis eius maiores.','2016-09-17 03:54:43'),(61,36,'application/vnd.ms-word.template.macroenabled.12','Consequatur incidunt omnis est quam error. Tenetur labore non quia asperiores natus reprehenderit libero. Omnis et culpa quibusdam saepe aliquid. Enim eum iste consequatur animi distinctio.','2004-10-30 11:25:33'),(76,39,'video/vnd.dece.pd','Natus voluptatem dolor odit et aut expedita non ea. Debitis dolorum fugit ad quia non qui delectus. Esse consequuntur facere id.','1979-12-17 05:03:59'),(28,11,'text/x-vcalendar','Molestiae optio est voluptates ab. Aspernatur soluta iste id velit ut. Omnis aut sint laudantium rerum et suscipit odit. Ducimus temporibus amet nostrum at quis libero nobis.','1999-02-16 14:22:50'),(43,6,'application/x-tex-tfm','Illum omnis modi consequuntur et neque voluptas. Dignissimos ut eos in est voluptates error sed. Repudiandae sed non sint alias quasi velit. Provident consequatur quod enim et non nostrum ut quia.','2001-07-10 14:15:31'),(17,85,'application/vnd.las.las+xml','Distinctio commodi delectus modi. At placeat qui hic nam in. Id alias sed molestiae et tenetur nostrum vero.','1976-12-20 22:46:46'),(94,37,'application/vnd.ahead.space','Tempora neque fuga minima modi. Nemo ipsum aliquam debitis dolorum. Quo dolores libero qui qui dolores illum optio. Cupiditate iste et ea at quis optio consequatur.','1996-11-13 14:12:26'),(95,14,'application/x-msdownload','Incidunt id quia aliquam quia sit quia. Illo voluptatum et rerum atque nemo odit. Dolorum et tempore eum optio velit deleniti aperiam ut. Illum quisquam reiciendis odio laudantium.','2005-05-08 07:38:45'),(26,98,'video/x-m4v','Et enim necessitatibus molestiae laboriosam vero voluptas. Perferendis ipsa sed est facilis tenetur autem ut. In minus sit voluptatem illo recusandae. Ut repellendus non dolore deserunt.','2011-01-24 11:36:25'),(70,6,'application/vnd.pvi.ptid1','Illo et eveniet mollitia deserunt dolorum similique. Quia libero unde exercitationem facere odio accusantium. Architecto quidem cupiditate ut sunt.','1975-12-16 14:10:10'),(21,8,'application/x-zmachine','Fugit tempora aut itaque deleniti ullam consequatur. Distinctio dolores porro ipsa amet. Et praesentium nostrum corporis eveniet.','2001-03-10 16:09:23'),(86,79,'text/uri-list','Nulla asperiores sit numquam et molestiae repellendus. Pariatur assumenda dolor sequi optio sunt qui. Dicta quia corrupti rerum.','1989-05-10 04:27:07'),(98,74,'application/vnd.ms-ims','Eum saepe cumque magnam et. Voluptatum amet excepturi nulla quaerat. Quasi earum eos ipsa cumque beatae. Totam sunt et nihil.','2008-09-15 22:45:04'),(90,77,'application/vnd.flographit','Voluptatum blanditiis eos maxime non. Nam natus consectetur eligendi. Dolor ipsa sunt accusantium qui sit neque. Nostrum dolore quisquam enim magni.','1983-12-10 03:29:12'),(88,90,'audio/mpeg','Consectetur modi tempora quia eum in. Omnis et mollitia sed quo commodi aperiam totam. Veritatis non rerum maiores id dignissimos non non. Sunt illum possimus nihil animi.','2008-07-06 19:02:15'),(77,55,'model/x3d+xml','Facilis facilis quod inventore minima explicabo ullam. Et quia autem fuga error. Fugit voluptate facilis rem voluptas repellat. Amet aliquid porro non veniam nulla.','2007-11-01 11:28:58'),(74,38,'video/vnd.dece.sd','Velit incidunt aliquam beatae voluptatem consequatur. Aut doloribus debitis eum quia.\nAliquam ut sed unde magni et suscipit. Aperiam impedit animi mollitia necessitatibus ut et.','1985-03-22 09:52:28'),(90,50,'application/vnd.oasis.opendocument.formula','Quis facilis nihil molestiae architecto dolorum omnis. Excepturi enim corporis cumque et. Eveniet vel aliquid dolores recusandae id non. Id laborum suscipit nisi illo dolorem quia.','1995-01-12 04:20:12'),(76,18,'application/vnd.ufdl','Repudiandae nesciunt provident quis totam et voluptas mollitia. Eos voluptate incidunt nesciunt. Iure amet omnis dolore.','2008-08-11 12:44:37'),(61,18,'application/pls+xml','Perferendis qui voluptas molestiae sint occaecati dicta ex harum. Corporis dignissimos sed molestiae animi et adipisci neque odio. Tempore tempora in ut distinctio et.','1993-10-27 04:49:02'),(23,77,'application/x-latex','Fuga tenetur ea ratione. Labore quisquam nobis ea unde sed aut reprehenderit. Similique et quo dolor consequatur illum sequi. Accusantium dolorem est molestiae.','2004-01-10 00:01:49'),(3,17,'audio/x-pn-realaudio-plugin','Aut accusamus nulla earum nesciunt est ex quis. Voluptates nihil quo qui provident sed in. Dolorem enim vel et sed unde officiis sequi. Qui et natus at recusandae ipsa excepturi est nemo.','2008-08-06 16:27:57'),(13,97,'application/vnd.tmobile-livetv','Et facere laborum sapiente qui est ut placeat dolores. Assumenda sunt aperiam amet atque dolor voluptas. Optio rerum eos rem perspiciatis.','1987-06-01 01:30:44'),(30,39,'application/x-zmachine','Est a occaecati dolore. Eos ipsa nisi sint. Commodi deleniti itaque voluptatem quisquam temporibus enim at repellendus.','1991-03-23 05:11:06'),(94,99,'application/vnd.ms-powerpoint.addin.macroenabled.12','Est ut nobis accusantium doloribus omnis sint error. Sed distinctio blanditiis blanditiis sed omnis perspiciatis.','2006-04-04 10:50:56'),(45,15,'video/x-ms-wmv','Voluptates sapiente mollitia totam et dicta. Omnis aut sapiente quasi odio. Reiciendis totam quos maiores ratione asperiores saepe debitis.','2005-08-09 12:38:17'),(7,30,'application/vnd.dpgraph','Voluptatem et tempora natus. Ducimus rerum et recusandae est quis. Sed asperiores et eos omnis dignissimos. Quia ratione placeat voluptatem sed.','2005-12-12 09:54:28'),(93,4,'application/vnd.triscape.mxs','Quisquam dignissimos magnam dolorum commodi expedita laudantium. Incidunt harum non nostrum reiciendis nihil inventore omnis esse. Hic unde aut consequuntur eaque.','1997-06-10 13:44:38'),(3,82,'video/x-ms-wvx','Sapiente velit esse sed. Ipsam sapiente eveniet nihil nobis non. Suscipit nulla non quos ex quia.','1995-04-26 20:14:27'),(80,91,'image/gif','Voluptatem quidem aut omnis ad inventore qui id quo. Distinctio voluptatem quia saepe perspiciatis.','1985-05-18 01:20:04'),(72,57,'application/wspolicy+xml','Ab rerum ut minima aut nesciunt sit. Et commodi eos sint tempore magnam non. Iusto dolore similique totam fugiat. Reiciendis maiores consectetur maxime sint in voluptas.','1987-08-01 00:32:13'),(45,46,'application/vnd.dece.ttml+xml','Qui quia voluptas sint temporibus ad animi dolorum enim. Laboriosam blanditiis quo error tenetur. Ut vel recusandae temporibus autem. Ullam quia sed dolor nam.','2004-03-29 01:11:54'),(94,34,'application/vnd.openofficeorg.extension','Quia consequatur repudiandae ducimus nobis assumenda facere. Iusto nesciunt distinctio occaecati. Unde consequuntur veritatis aliquam voluptas qui delectus omnis et.','2017-11-28 06:34:46'),(95,69,'image/vnd.adobe.photoshop','Nihil nemo atque modi maxime. Ipsa eum voluptates corrupti. Rerum et et doloribus est aliquid optio alias itaque. Ut fugiat voluptatum et quod.','1992-07-29 09:44:53'),(51,55,'text/plain','Laborum cum qui deserunt in. Sit dolorem nesciunt sapiente. Sit accusamus temporibus et suscipit delectus alias voluptatem. Amet nihil et nisi veritatis nihil adipisci ipsum qui.','1996-12-01 11:08:34'),(87,74,'audio/mp4','Sunt accusamus eos vel beatae. Consequatur labore voluptatem soluta voluptates. Tenetur doloribus aut dolorum sunt.','1990-08-04 17:07:13'),(31,89,'image/gif','Eveniet maiores sequi et. Ea quasi officiis non voluptates. Nemo et magnam illum beatae.','1995-06-09 11:19:57'),(90,44,'application/mp4','Quisquam cum tempore et laboriosam libero libero laudantium. Facilis ab odio dolores dolorem et. Iure sed repellat explicabo nesciunt aut.','2018-02-07 13:13:30'),(85,20,'application/x-gramps-xml','Et sit et iusto sed assumenda. Quasi vitae molestiae voluptas hic qui natus et. Eaque tempore ratione sint rerum ea recusandae unde. Tempora enim numquam deserunt autem totam.','2017-06-21 09:56:13'),(82,79,'application/vnd.llamagraphics.life-balance.exchange+xml','Molestiae sed dicta nihil et officiis id. Quod nam blanditiis modi laboriosam consequatur deleniti eaque. Voluptatem facere vel eius.','1994-07-06 13:56:03'),(19,26,'application/vnd.syncml.dm+xml','Nihil illo quia quis et natus. Error et nihil qui sunt ipsam nesciunt temporibus. Excepturi asperiores placeat mollitia aut itaque sit.','1986-01-10 14:11:33'),(93,25,'application/vnd.sun.xml.math','Libero et accusamus et ab non. Ducimus expedita iure id. Autem ipsa quidem ratione dolor perspiciatis quod sit.','2016-05-26 07:46:16'),(56,86,'application/vnd.oasis.opendocument.text-master','Magnam porro sunt incidunt quis et. Fugit ipsa facere pariatur reiciendis et.\nEt labore omnis minus ea soluta ducimus. Vel enim voluptatem dolores minus. Odio ad maiores maiores pariatur.','1982-10-03 05:09:28'),(29,59,'application/zip','Unde quae mollitia sapiente iure eaque est. Dicta est doloribus rerum et. Corporis dolore facere aspernatur voluptate sit id.','1993-01-10 15:34:55'),(67,8,'application/vnd.oasis.opendocument.text-template','Dignissimos nobis qui dolor consequatur molestias repudiandae. Consequatur ratione qui libero autem aliquam exercitationem consequatur.','1975-10-20 16:38:57'),(49,39,'application/vnd.ibm.secure-container','Nostrum quae nostrum occaecati et assumenda. Impedit ut ut vel laudantium sequi iste. Aut nam sunt aut et itaque voluptatem deleniti ipsum.','1977-03-01 22:05:25'),(65,93,'image/ktx','Voluptatem atque similique iusto ut enim enim cum. Nisi enim distinctio adipisci eos repellat et. Qui dolores quos doloremque architecto porro.','2006-01-07 03:56:09'),(84,58,'image/vnd.ms-photo','Et reprehenderit cupiditate fugiat eos. Non sapiente omnis qui dolores. Tempore eum doloremque maiores tempore et eum.','1999-05-01 03:53:43'),(27,78,'application/vnd.ms-powerpoint.presentation.macroenabled.12','Rerum fugiat ut voluptatibus assumenda officiis laboriosam. Sed nihil vero porro tenetur cupiditate fugit ut. Ut quam facilis eos expedita dignissimos aut. Animi nisi beatae cumque.','2006-01-10 11:12:50'),(26,77,'application/vnd.adobe.xdp+xml','Nihil magni earum praesentium assumenda consequatur distinctio. Rerum eum qui mollitia. Cupiditate laborum soluta debitis sed non doloribus accusantium. Sunt maiores labore velit cupiditate eos ipsa.','1976-04-13 21:21:04'),(33,13,'application/vnd.olpc-sugar','Quo possimus rerum id. Aut et et dolorem aut ut eligendi omnis.','1986-05-07 15:29:50'),(51,63,'application/x-debian-package','Et enim consequatur quasi placeat. Repellat quia aut quasi doloremque. Voluptates ea et voluptas veritatis. Et ab optio et mollitia consectetur eius eaque.','1977-11-15 06:43:39'),(1,41,'application/vnd.sun.xml.impress.template','Accusantium dignissimos tempora nihil consequatur. Voluptate non hic pariatur perferendis et laborum. At officiis itaque voluptatibus eum sed eius. Omnis in accusantium consectetur nihil dolores.','1993-07-01 06:51:08'),(7,86,'application/x-ms-application','Eum ad architecto iusto architecto quis quis. Quia quia aut fugiat culpa animi et. In accusantium autem nobis aut sed rerum et. Provident voluptatum excepturi et dolor nihil distinctio numquam.','1978-12-04 18:40:12'),(60,89,'application/x-futuresplash','Sed maxime assumenda inventore. Adipisci possimus quam repellendus est. Consequuntur incidunt laboriosam rerum.','1975-01-08 18:41:07'),(64,79,'audio/x-matroska','Sit consectetur totam sint ut laborum molestiae asperiores. Qui vitae dolore accusamus iure quis. Qui sed ut numquam amet ea. Corrupti commodi commodi laboriosam autem voluptatibus.','1990-08-07 21:11:41'),(14,57,'application/vnd.adobe.xdp+xml','Nesciunt reiciendis natus at ut quos cumque. Tenetur rerum numquam voluptatum recusandae eius veniam adipisci. Modi reprehenderit iste quod ut temporibus.','1993-12-25 04:38:44'),(3,70,'application/vnd.dart','Voluptate vel vitae in quaerat nisi. Et est officiis sit consectetur reiciendis aspernatur. Et asperiores aut amet temporibus impedit. Aut voluptatem nisi voluptatem sed totam dicta a.','2002-06-23 09:46:50'),(42,31,'application/xml','Est quo est laboriosam quia aut consequatur dolorem. Iure itaque voluptatem sit. Non non omnis culpa deleniti sed.','1997-08-05 18:05:23'),(28,9,'audio/xm','Incidunt impedit fuga eum iure rem sunt. Atque quae sit tempore enim dolore eum modi. In odit magni molestiae.','2015-05-17 20:43:27'),(39,76,'application/x-director','Ut excepturi iure vitae beatae quis et voluptas. Repellendus ex est repudiandae nostrum aperiam id. Molestiae amet debitis aut et fuga. Ratione vel et saepe consequatur deleniti officia.','1995-01-17 14:36:51'),(47,3,'application/x-gnumeric','Aspernatur officia sed nobis earum libero enim est molestiae. Dolore recusandae rerum non omnis non qui modi. Autem sint nesciunt voluptate magnam. Dolorum optio fuga et aut.','1995-05-02 19:00:07'),(68,30,'application/vnd.ibm.minipay','Eligendi quia blanditiis qui. Amet id similique enim consequatur. Temporibus libero fugit ducimus quia laudantium.','1986-09-21 20:03:01'),(60,94,'application/java-archive','Fugiat aut fugiat aut possimus quia non quasi. Earum molestias quaerat aliquid maxime. Dolorem repellat sunt quis voluptatem error.','1992-01-30 16:07:17'),(7,86,'application/x-java-jnlp-file','Rem maiores expedita eius labore et corporis sapiente eos. Voluptatum non qui porro. Fuga qui iure labore impedit.','1982-08-05 00:54:35'),(71,39,'text/troff','Aut mollitia expedita assumenda. Hic odio est ratione animi. Aut et necessitatibus excepturi sit nobis. Voluptas id consequatur occaecati et facilis. Saepe nihil facilis est iste sit dolorem.','1974-07-18 14:34:17'),(98,22,'application/vnd.sun.xml.writer.template','Alias architecto fuga numquam minima sit velit et quia. Et exercitationem et error dicta. Maxime dolores odit veniam at velit quis ex. Qui corporis quo tenetur impedit ullam dolorum quod et.','1987-10-29 17:22:20'),(2,99,'application/x-iso9660-image','Mollitia et alias explicabo rerum mollitia illo velit. Sint dolore sequi delectus in dolores. Eum soluta aut quo modi cum porro odio.','1993-02-01 11:06:21'),(63,9,'application/vnd.oasis.opendocument.formula-template','Molestiae aliquid occaecati sit dolorem aut iure. Voluptatem est fuga quia laudantium quibusdam mollitia. Et explicabo itaque suscipit est rerum veniam. Ab animi cupiditate omnis quos.','1971-06-16 09:32:39'),(84,23,'application/pkixcmp','Architecto qui voluptatem eos officia consequatur consequatur debitis quod. Aut nisi eius atque vero.','2001-09-10 14:31:40'),(97,48,'application/vnd.iccprofile','Beatae velit ratione veritatis pariatur quaerat. Est voluptatibus autem quas. Mollitia doloremque deserunt aut pariatur suscipit. Dolorum voluptas voluptatum illum sit quia quod sunt.','1995-11-13 15:59:42'),(1,10,'application/x-bittorrent','Accusantium non voluptas facere dignissimos fugiat. Quam modi esse exercitationem et explicabo adipisci in. Qui aliquam excepturi deserunt ad architecto.','1985-10-31 18:35:59'),(5,3,'image/x-3ds','Saepe quaerat necessitatibus ut ut. Ad dolores repellat qui ea ut. Iste rem corrupti sunt id libero est.','1971-11-11 19:37:29'),(80,46,'image/vnd.adobe.photoshop','Ut aspernatur in tenetur asperiores. Illo molestias et laboriosam ut earum. Sed nobis perspiciatis aut sit ut et quo. Perspiciatis possimus vitae iste et. Illo quibusdam iste cum illum.','1987-06-04 06:27:28'),(34,7,'application/vnd.wap.wmlc','Doloribus et facere illum est quo blanditiis. Repellat quis quidem et non dolorem ipsum. Aperiam labore molestias aliquam est nisi ea. Possimus dicta at optio aut ut.','2004-10-18 20:57:54'),(54,73,'image/vnd.fastbidsheet','Eaque dolorem et similique. Aut explicabo qui aut dolores. Tenetur vel blanditiis est quas et.','2020-01-06 10:47:46'),(82,100,'application/x-glulx','Quis dolore repellat in consequuntur sequi a asperiores. Distinctio sit quis aut quia. Hic repellat aut itaque soluta consequuntur exercitationem. Nemo a minima cumque.','1981-01-19 05:23:17'),(75,49,'application/xslt+xml','Minus recusandae autem assumenda eum maiores laborum eum. Ut optio nihil accusantium deleniti ut culpa. Quia quo nihil quae soluta voluptas delectus.','2000-01-11 15:12:36'),(30,35,'application/vnd.unity','Omnis in earum nobis beatae amet. Voluptatem reprehenderit repudiandae ut molestias. Id facilis doloremque debitis et natus reiciendis expedita.','1992-10-03 03:56:54'),(43,37,'application/x-shockwave-flash','Deleniti commodi ut tenetur vel. Unde quod totam quam. Id voluptatem pariatur reprehenderit quaerat vel dolorem omnis. Quam ullam sequi iure possimus. Voluptas saepe voluptatem aut.','1980-04-14 01:16:34'),(20,14,'application/x-xliff+xml','Porro voluptas nemo et aut quia nemo necessitatibus dolorum. Rerum necessitatibus qui velit occaecati at vel sit. Totam ab aut in et. Quis ea quo consectetur facilis quae.','2000-11-06 19:04:24'),(76,18,'application/vnd.kde.kpresenter','Nemo accusamus fugiat sint tenetur fugiat rerum. Quae qui repudiandae omnis. Consectetur aut laudantium ducimus facilis praesentium id.','1984-05-28 06:40:59');
/*!40000 ALTER TABLE `homeworks` ENABLE KEYS */;
UNLOCK TABLES;

--
-- Table structure for table `lessons`
--

DROP TABLE IF EXISTS `lessons`;
/*!40101 SET @saved_cs_client     = @@character_set_client */;
/*!50503 SET character_set_client = utf8mb4 */;
CREATE TABLE `lessons` (
  `id` int NOT NULL AUTO_INCREMENT,
  `name` varchar(245) NOT NULL,
  `video_path` varchar(245) NOT NULL,
  `material` text,
  `created_at` datetime NOT NULL DEFAULT CURRENT_TIMESTAMP,
  `updated_at` datetime NOT NULL DEFAULT CURRENT_TIMESTAMP ON UPDATE CURRENT_TIMESTAMP,
  PRIMARY KEY (`id`)
) ENGINE=InnoDB AUTO_INCREMENT=101 DEFAULT CHARSET=utf8mb4 COLLATE=utf8mb4_0900_ai_ci;
/*!40101 SET character_set_client = @saved_cs_client */;

--
-- Dumping data for table `lessons`
--

LOCK TABLES `lessons` WRITE;
/*!40000 ALTER TABLE `lessons` DISABLE KEYS */;
INSERT INTO `lessons` VALUES (1,'qui','application/x-csh','Voluptatum fuga itaque cupiditate a. Possimus consequatur illo autem velit corporis quos. Mollitia est incidunt et dicta aspernatur eum cum.','1989-07-28 21:44:18','2010-09-16 05:30:12'),(2,'hic','audio/x-pn-realaudio-plugin','Inventore sunt dolores eius. Incidunt temporibus error sed. Aspernatur nihil voluptas officia.','1971-10-23 17:41:19','2000-06-05 04:50:22'),(3,'quia','audio/adpcm','In quam quis perspiciatis quasi. Rerum alias ut mollitia et eos nihil. Consequuntur est suscipit unde consequatur.','2013-02-01 16:29:02','2005-09-03 07:47:46'),(4,'at','application/vnd.syncml.dm+wbxml','Unde sunt officiis ut eius. Impedit dolorem consequatur non fugit similique. Doloribus dolor aut et magnam. Quasi aspernatur natus eligendi qui suscipit perferendis.','1990-07-13 21:41:58','1990-07-08 18:23:32'),(5,'unde','application/vnd.oasis.opendocument.spreadsheet-template','Voluptatem aliquid pariatur consequuntur nisi cumque est soluta. Itaque consequuntur dolor saepe rem harum facere. Atque id eaque voluptatum.','2006-11-28 05:31:07','2006-08-18 20:42:12'),(6,'sunt','application/vnd.syncml.dm+wbxml','Dolorem et tempore veritatis porro rerum non. Ab et quos sunt consequatur. Repellendus aut ut et dolore culpa.','1994-06-05 06:28:14','1978-11-30 08:17:54'),(7,'enim','image/tiff','Non qui ex praesentium odit ut officiis ad. Voluptatibus ullam vel excepturi non blanditiis. Adipisci in et et dolor.','2019-08-10 21:11:09','1974-07-20 06:37:46'),(8,'rem','application/x-font-woff','Minima quas reprehenderit suscipit delectus. Voluptate repellendus vel quibusdam ad quis libero perspiciatis. Assumenda enim dolor quos molestias exercitationem ut nobis et.','1982-01-09 01:33:15','1972-01-01 17:06:28'),(9,'et','application/x-gca-compressed','Sit labore sint et. Et perspiciatis labore quis necessitatibus voluptas. Ut nemo a labore tempore. Praesentium non quo consequatur commodi.','1971-09-12 19:10:04','2009-12-25 16:33:37'),(10,'vel','application/vnd.rig.cryptonote','Qui similique ut repudiandae. Consequuntur sequi nobis veritatis minima illo dolores. Nostrum quasi sunt harum corporis dolorum tenetur saepe. Quia molestias placeat consequatur et deserunt qui.','1998-01-22 03:18:34','1993-11-27 06:43:02'),(11,'dolores','text/x-java-source','Voluptate qui est a placeat dicta. Est illum qui dolore impedit aliquam magni odio. Ut aut culpa sed necessitatibus fugiat ipsum aperiam. Ex facere eum fugit odio perferendis est sunt.','1984-06-29 22:39:53','1973-07-03 20:06:35'),(12,'et','video/mp4','Et assumenda sint non officia qui nobis. Qui quia doloremque qui inventore quas recusandae velit possimus. Accusamus veniam minus officiis nostrum laboriosam odio omnis.','1974-09-19 06:45:41','2020-06-21 14:47:03'),(13,'beatae','video/x-matroska','Saepe autem ea exercitationem omnis. Possimus earum est deserunt quia laudantium.','1974-12-29 12:45:40','2013-10-28 07:28:38'),(14,'et','application/vnd.ms-powerpoint','Facere dolor non qui nihil. Ex dolor cupiditate ipsa non quis dolores eos. Quis earum officiis provident aperiam qui ex.','1980-03-24 15:34:29','2018-10-05 10:31:37'),(15,'nihil','application/x-msmediaview','Reiciendis voluptatibus rerum vel asperiores voluptatem sed fugiat nihil. Quia magnam non quis commodi eaque quisquam tenetur recusandae. Id eaque incidunt voluptatum.','1986-01-27 09:53:52','1975-12-09 23:48:32'),(16,'rerum','audio/x-mpegurl','Amet adipisci quidem aliquam dolores quia nihil voluptas. Fugiat voluptatum est voluptatem alias. A saepe et qui magni quo quae. Quam omnis itaque autem qui illum est natus.','2009-09-16 08:02:41','1977-07-11 15:18:24'),(17,'ea','audio/basic','Aut odio et tempora. Ut ab quia officiis quia animi quis alias. Aut suscipit omnis sed aspernatur et.','1970-06-19 21:18:45','1972-10-30 09:39:36'),(18,'omnis','application/mp4','Et aut sed error. Tenetur possimus officia magni est autem nobis. Ea placeat reiciendis et qui tempore velit.','1998-11-02 05:02:20','2017-06-16 16:33:09'),(19,'omnis','application/x-tads','Ut ratione id commodi sit quisquam. Quia quas ad neque sint nam dolores dolorum. Distinctio autem odio aut atque architecto et. Sapiente numquam explicabo et sed est.','1976-01-19 12:58:05','1978-10-09 12:20:51'),(20,'praesentium','application/x-texinfo','Officia recusandae nisi sed est exercitationem. Vel error voluptas tempore aut et voluptate iste alias. Eaque eum veniam dignissimos vero enim. Nesciunt iusto alias quo.','2016-07-03 21:15:34','2019-06-22 02:51:59'),(21,'sed','application/vnd.ms-excel.sheet.binary.macroenabled.12','Aut ipsa rerum sit quia exercitationem fugit enim. Explicabo eius dolorum officiis repellendus accusantium. Voluptatem id velit incidunt quo magnam sit dolorem.','2016-06-30 01:36:44','2011-03-04 10:02:30'),(22,'voluptatibus','application/vnd.ms-excel','Minus et et neque unde ut earum. Velit quos voluptate vitae magnam. Et dolorum sit sunt inventore sed doloremque recusandae. Et quod sint quos error. Officia in tenetur rerum est qui asperiores.','1978-12-03 18:14:55','1976-09-20 14:10:47'),(23,'doloremque','application/vnd.llamagraphics.life-balance.desktop','Eaque aut aut omnis quas sit est. Dolores pariatur molestiae deserunt ratione aut. Consequuntur nesciunt odit doloremque possimus officia ipsa corrupti. Asperiores deleniti sit autem assumenda.','1999-02-04 12:35:34','1978-09-17 08:18:55'),(24,'temporibus','image/vnd.wap.wbmp','Ut voluptas enim nihil laudantium architecto. Totam aut sit necessitatibus temporibus voluptas a. Laborum numquam non nulla aut deserunt.','1981-05-16 08:25:40','1971-10-29 11:06:17'),(25,'iste','application/vnd.ms-officetheme','Beatae corporis non sint ipsam. Aut eveniet ut aspernatur hic aut pariatur sit. Odio nemo voluptas quibusdam reiciendis.','2017-12-03 13:24:36','1990-06-29 15:34:22'),(26,'provident','model/vrml','Voluptatem maiores qui voluptatem quo ut. Veniam qui aliquid inventore quos nostrum tenetur voluptatem. Rerum maxime corrupti expedita odio natus modi.','2007-07-29 09:18:13','2012-01-20 21:27:54'),(27,'maiores','image/x-xpixmap','Et optio id excepturi dolorem officia. Doloribus et sapiente sint itaque.','1992-07-03 23:50:54','1979-11-03 14:37:28'),(28,'quibusdam','application/x-tads','A quidem id a. Excepturi id eaque rerum unde voluptates. Id ad modi nostrum quis.\nQui sapiente odio laudantium reiciendis amet. Rerum ea sit debitis enim. Sint ut nam tempore in temporibus sit porro.','2007-12-28 04:55:29','2017-09-25 03:16:18'),(29,'exercitationem','application/vnd.immervision-ivp','Modi fugit tempore aut est porro nam. Voluptas tenetur dolores nostrum unde porro qui corporis. Est quas aspernatur corporis molestiae.','2016-02-06 10:44:21','2006-01-10 17:04:35'),(30,'atque','application/omdoc+xml','Harum id quibusdam repellat minus omnis quod nihil quam. Vel dignissimos praesentium et earum. Aspernatur enim temporibus quae.','1989-10-31 04:51:54','2008-11-15 02:00:54'),(31,'sunt','video/jpeg','Ipsum ea ad voluptatem. Odit maxime ab quo ut illum quae. Est veniam nihil nobis sequi cumque. Repellat voluptatum autem veniam et. Molestiae distinctio quasi officiis et.','2001-12-04 07:38:26','2005-01-19 04:21:02'),(32,'nihil','application/vnd.dolby.mlp','Quia ut deserunt eaque eos architecto voluptates culpa. Et laborum eaque non id. Necessitatibus ut in tempore voluptatibus est quia.','2018-11-17 23:10:00','1987-09-11 21:51:45'),(33,'voluptas','image/tiff','Eos praesentium aut sed non similique labore ea sint. Nulla perspiciatis aut sed vel qui. Dignissimos est et ut cupiditate enim adipisci non vel.','2009-11-09 08:36:02','2017-07-16 12:48:58'),(34,'sit','application/vnd.kde.kspread','Voluptas nihil repudiandae perspiciatis aut tempore. Ut autem et enim temporibus. Quasi et quibusdam minus doloremque quis.','1985-02-19 14:44:19','1981-03-18 11:59:16'),(35,'tempore','application/vnd.ms-cab-compressed','Autem aut accusamus explicabo. Perferendis nihil sit laborum minima. Necessitatibus incidunt voluptate neque praesentium beatae quaerat omnis dolorum.','1978-11-28 18:24:34','1975-04-12 20:10:21'),(36,'dolore','text/vnd.sun.j2me.app-descriptor','Incidunt aut rerum voluptas quia. Omnis dolorem dolor fugit tenetur.','2014-06-28 03:39:54','2007-10-28 10:19:59'),(37,'provident','application/java-vm','Occaecati sit ut eveniet veritatis dolorem. Non eveniet vel provident esse at. Officia sed aspernatur libero in quidem at.','1985-06-30 13:29:22','2009-10-05 19:24:09'),(38,'atque','application/vnd.ms-xpsdocument','Sint voluptas facere quibusdam sed tempore id. Enim rem adipisci non illum. Dolor tenetur amet sed odit harum velit.','2016-11-13 21:34:30','2006-08-01 05:30:58'),(39,'ipsa','application/x-cdlink','Et qui exercitationem distinctio soluta et culpa ut. Deserunt assumenda nemo maiores laborum. Et esse ut recusandae aut quod non dignissimos. Officiis quis ad incidunt consequatur atque.','2020-09-22 17:52:00','2003-07-19 22:08:39'),(40,'id','application/vnd.adobe.xdp+xml','Amet eius deserunt nam dolorum. Aut adipisci ea autem error perferendis sint. Ratione beatae vel tempora tempora et odit.','2009-02-01 17:31:44','1975-12-22 02:24:58'),(41,'voluptate','application/epub+zip','Molestiae qui aut placeat perspiciatis et. Officia corrupti vitae debitis totam odit omnis. Dicta et vitae ab iusto cupiditate id commodi sit. Aut quae saepe aut harum culpa ut.','2015-06-09 11:20:38','1975-08-09 03:23:10'),(42,'ratione','application/vnd.kodak-descriptor','Reiciendis earum eligendi quam id nihil non sit ex. Aut dolorum dolores et dolorem libero perferendis rerum in. Nam reiciendis quis culpa aspernatur accusantium deserunt ea.','1980-07-07 23:22:17','2016-09-26 07:24:19'),(43,'cumque','image/jpeg','Vitae voluptatum sint inventore amet. Rem voluptas adipisci itaque odit ut nostrum nihil. Deserunt qui sed ut omnis illo. Fuga ipsam repellat quod molestias sint.','2020-08-28 16:52:25','1980-06-02 12:31:20'),(44,'eius','image/prs.btif','Molestiae soluta suscipit esse qui sint sint consequatur. Qui iure sint inventore tenetur. Praesentium voluptatem commodi molestias numquam nostrum et. Possimus consequuntur qui ad voluptas optio ut.','1999-12-05 18:23:23','1999-02-02 12:13:15'),(45,'sapiente','application/x-stuffitx','Possimus quos exercitationem dignissimos vel voluptatem odio occaecati. Et et qui aperiam saepe perspiciatis. Est dolores quae commodi sed nihil sunt doloribus.','2011-07-03 14:41:55','1974-08-26 17:49:07'),(46,'quia','audio/x-ms-wax','In et quia possimus nobis. Aut eligendi commodi ullam voluptatum. Nihil perspiciatis nulla corrupti quia. Ad aut ullam cum officiis possimus id.','2007-06-11 21:14:18','1972-08-28 06:59:21'),(47,'saepe','application/vnd.adobe.xdp+xml','Non id laborum sed enim eum est fugit. Qui numquam nobis est quia odit pariatur in. Dignissimos aut voluptate molestiae architecto quaerat possimus deserunt.','1996-06-30 21:32:50','1988-02-11 09:29:26'),(48,'laudantium','application/x-sv4crc','Enim ad neque ipsum non nesciunt perferendis. Autem ea beatae distinctio sit. Similique totam commodi eaque et.','1998-05-25 01:44:30','1991-09-16 13:24:47'),(49,'sint','audio/x-matroska','A eligendi praesentium eum consectetur molestiae eligendi veniam. Ut sapiente qui nihil eum amet debitis provident. Suscipit voluptas voluptas dignissimos aliquid non architecto corrupti praesentium.','2012-10-24 19:03:41','1991-08-28 01:21:31'),(50,'doloribus','application/vnd.dynageo','Minus et expedita omnis officiis veniam exercitationem. Ab voluptas velit sit sed. Corporis quia neque similique quo enim.','1984-12-26 00:22:35','1996-09-20 17:51:03'),(51,'sint','video/webm','Aut et sint quo. Aliquam consequatur nam excepturi natus. Officia sunt adipisci temporibus porro commodi. Laudantium unde a eveniet quos natus natus.','2010-09-23 21:24:04','2006-05-08 15:28:33'),(52,'facilis','application/vnd.sun.xml.writer.template','Ipsam aspernatur aut eum eum iusto qui. Facilis dolorum culpa asperiores qui cumque vitae et. Natus facilis odit suscipit velit est quia et. Voluptatem eum vel voluptatum accusamus rem.','2018-04-03 05:05:07','2013-02-20 08:10:07'),(53,'ut','application/vnd.dolby.mlp','Harum quisquam consequatur totam autem qui illum et qui. Repellendus impedit odio quia ea possimus earum ipsa. Nam placeat cumque dolorem omnis et explicabo.','1981-08-19 10:08:51','1987-06-13 03:34:42'),(54,'odit','application/xop+xml','Iure nobis porro sit et qui fugit earum. Ut nihil sequi fuga non. Quae et et aut id eos. Nemo perspiciatis voluptates atque et soluta.','1972-09-17 06:54:38','1996-07-30 02:16:28'),(55,'necessitatibus','application/vnd.ms-pki.stl','Qui qui ex aut omnis placeat. Nemo aut odio fuga voluptatem quidem. Provident ex ex vel praesentium eum. Natus est omnis tenetur praesentium eos.','1981-01-04 17:28:08','2006-08-18 20:55:37'),(56,'non','application/vnd.wap.wmlscriptc','Provident a consequatur a. Fugiat quisquam id illum modi. Voluptatem totam reiciendis optio ea quia totam.','1987-08-25 20:56:43','1989-12-13 04:23:55'),(57,'ut','application/x-install-instructions','Voluptatem similique enim sed possimus voluptate reiciendis. Ipsum corporis sed ut et eum ut in. Sapiente unde quia tempore asperiores et. Saepe sunt qui sit voluptatibus aut.','2001-01-29 13:49:12','2017-12-01 18:16:49'),(58,'ullam','application/vnd.wap.wmlc','Harum rerum esse voluptate quo. Et architecto aut ex iure incidunt facilis possimus. Sequi qui nobis assumenda repudiandae provident. Quis laboriosam rerum harum vel sapiente.','1983-09-15 14:39:41','1987-06-23 01:06:10'),(59,'harum','audio/xm','Aut accusamus reprehenderit cupiditate aspernatur ducimus nobis. Voluptatibus ut molestias earum et. Id nam aut eligendi magni iure quas sint aut. Rerum omnis excepturi pariatur sint ipsum.','1972-07-21 14:58:01','1998-03-29 13:44:56'),(60,'incidunt','image/vnd.xiff','Earum consequatur cupiditate qui porro. Inventore hic illum consectetur numquam possimus quos rerum. Perspiciatis sunt atque repellendus unde. Optio expedita quasi non iste.','2012-06-15 21:28:51','2013-10-31 14:10:30'),(61,'doloribus','application/vnd.stepmania.stepchart','Impedit pariatur fugit eius voluptate ut. Sit sint dolorum totam.','1991-05-20 02:34:39','1978-12-21 18:56:20'),(62,'illo','application/vnd.mseq','Aut nesciunt modi officiis aut aut. Saepe quia tenetur sed officiis quia commodi similique rerum. Temporibus et ad qui non. Facere rerum magni minima explicabo cum odio.','2011-12-01 06:49:46','1982-02-25 22:34:46'),(63,'modi','application/vnd.ms-word.document.macroenabled.12','Ducimus libero non nihil alias similique culpa molestias. Qui veritatis sunt alias. Sit in dicta itaque esse maxime quos ipsum reprehenderit.','2001-12-06 08:14:42','1970-12-07 15:10:37'),(64,'odio','audio/midi','Expedita voluptatum minus et. Molestiae et quia dicta consequatur consectetur. Dignissimos quisquam quis in.','2014-04-28 17:40:02','1978-08-23 11:29:31'),(65,'labore','application/vnd.stepmania.stepchart','Voluptate omnis illo unde. Aut animi facilis quas in nihil corrupti. Quaerat quo non est doloremque placeat harum. Aliquam ea voluptatibus magni fugit sed.','1996-11-14 02:12:49','1981-10-06 03:32:09'),(66,'sit','application/x-sql','Repellendus voluptatem voluptatem aut qui minus asperiores. Dolorem blanditiis vel quam eos. Harum modi est expedita magnam.','2020-05-09 13:05:26','2018-02-05 15:33:19'),(67,'repellendus','application/pls+xml','Aut debitis error consequuntur aliquam non. Et aspernatur id corrupti. Voluptatem officia vel laboriosam. Est consequatur inventore ut voluptate aut consequatur doloremque.','1974-09-16 19:06:31','1992-06-13 03:16:37'),(68,'eos','application/xproc+xml','Ex asperiores similique adipisci. Qui est deleniti ut vel amet. Et est consequatur quia quia distinctio eaque qui reiciendis. Vel iste voluptatem odit qui temporibus ex amet.','1995-04-27 04:24:05','1972-03-31 11:08:23'),(69,'temporibus','application/vnd.fdsn.mseed','Necessitatibus quaerat accusantium et sint rerum. Placeat ipsum rerum ipsa. Ipsa similique ea totam dignissimos quia suscipit consequatur. Iure animi ratione voluptatem dignissimos impedit dolor.','1999-10-02 18:03:59','2019-08-30 11:01:50'),(70,'fuga','text/tab-separated-values','Ut facilis cupiditate laborum nemo et culpa animi. Laudantium placeat placeat nostrum voluptatem et culpa eos accusantium. Repellat sit earum eius incidunt et numquam consequatur.','2005-08-11 19:20:45','1984-12-22 12:51:26'),(71,'est','image/vnd.adobe.photoshop','Dolorem eum deserunt ut deserunt laboriosam. Libero et inventore nobis blanditiis. Quidem inventore sit rerum quidem optio qui.','1971-06-17 08:04:10','2019-05-30 07:10:43'),(72,'consectetur','application/vnd.epson.salt','Non ad corporis magnam eveniet sint. Delectus ducimus sint voluptatum reiciendis aut. Eum accusamus a voluptatum quia reprehenderit repudiandae vel voluptatum. Modi et aut quaerat vitae harum.','1987-09-14 20:04:11','2015-04-22 23:06:56'),(73,'est','application/vnd.wt.stf','Id nesciunt pariatur voluptatum ut deserunt fuga ea natus. Voluptas nisi excepturi ullam blanditiis.','1988-12-25 02:59:07','1991-08-13 22:59:16'),(74,'repudiandae','application/wspolicy+xml','Aut occaecati quia autem. Et placeat modi autem et culpa ratione similique. Quam repudiandae fugiat libero dolore aspernatur. Aut est aut quo dolore et.','2002-06-06 16:10:01','2005-02-07 04:18:11'),(75,'rerum','application/x-csh','Rerum deleniti vel aspernatur quas libero quaerat. Amet consequatur voluptatibus odit est est quaerat recusandae. Delectus corrupti magni consequatur dolores impedit libero reiciendis ipsam.','1992-02-14 04:54:43','2005-10-20 23:51:57'),(76,'qui','application/vnd.ms-powerpoint.slide.macroenabled.12','Dolores dolorum ut consectetur quo. Minima sed ipsa fugiat in illo voluptates.\nDolores dolores nostrum dicta sed sit labore mollitia est. Perferendis sed quia error debitis qui eos officiis.','1983-05-16 15:33:44','1989-09-08 07:56:56'),(77,'recusandae','application/vnd.route66.link66+xml','Iste nihil quaerat quisquam ipsa ut optio. Qui sapiente quis fugit quia optio exercitationem.','1991-01-31 12:37:46','2014-04-20 09:32:21'),(78,'inventore','application/vnd.ms-word.document.macroenabled.12','Et quis autem atque ad earum incidunt minima. Tempore cum placeat modi officia quos adipisci ut. Dignissimos omnis excepturi nam omnis. In est quo quaerat totam.','1980-08-29 12:31:49','2019-07-29 15:23:37'),(79,'iusto','image/x-3ds','Ut optio hic neque nostrum nesciunt vitae temporibus. Et soluta dolores molestiae dolorum. Libero vero eius consequatur aliquid ea. Nihil qui vero doloribus qui exercitationem laudantium.','1997-01-02 07:22:08','1997-07-14 21:41:24'),(80,'expedita','application/vnd.openxmlformats-officedocument.presentationml.template','Et reprehenderit impedit perspiciatis soluta architecto est iure. Esse laudantium ut voluptate nihil odio. Et cumque est nihil. Hic quis amet animi eius voluptatum voluptas perferendis.','2008-12-19 05:54:16','2007-07-06 15:29:58'),(81,'natus','application/x-font-ttf','Ipsam atque similique quis repellat. Laboriosam nemo dolore accusantium dolorem. Voluptatem quo possimus et iste. Corporis quis eum nesciunt ipsam. Enim aut voluptas aspernatur dolores.','1991-01-30 14:39:52','1991-05-14 08:52:37'),(82,'voluptatibus','application/xml','Consequuntur molestiae harum reiciendis laudantium ad veritatis maxime. Ut est commodi libero est. Dolores inventore esse qui vel tempora quos deleniti. Fugiat aspernatur est occaecati saepe.','1979-03-31 00:36:49','2002-09-14 22:44:16'),(83,'aut','application/vnd.sun.xml.writer','Dolores sed dolor architecto et sed. Incidunt cumque laborum ea qui repellendus neque aperiam. Qui autem et voluptas quia ullam. Aut quia rerum numquam suscipit saepe eaque dolor.','1989-08-30 02:02:07','2006-10-18 02:26:00'),(84,'et','application/vnd.vsf','Ullam quibusdam rem ut qui. Distinctio autem eius veniam omnis voluptates expedita sit. Eum amet in reiciendis nihil voluptatem.','2018-06-05 22:19:00','1996-11-27 16:44:49'),(85,'et','application/vnd.ms-officetheme','Eum facilis assumenda molestiae rem unde. Maxime ut et totam et voluptatem molestias. Commodi harum sit repudiandae. Perferendis et natus saepe explicabo ratione et. Qui provident expedita officia.','1987-08-14 18:41:06','2018-11-18 04:44:41'),(86,'sequi','application/x-msclip','Ut architecto aut temporibus est. Illo qui nihil id velit. Maiores mollitia eligendi dignissimos ut.','1979-01-14 05:45:51','1975-01-07 21:13:41'),(87,'repudiandae','text/x-java-source','Dolorem est aut eos eum est ut. Tenetur quibusdam dolores ea excepturi eos dignissimos ea. Nulla illum quisquam adipisci eligendi voluptatem.','1976-08-31 02:22:15','1978-03-17 19:53:37'),(88,'amet','application/json','Et aut ut exercitationem sunt quos. Earum et et deleniti quam consequuntur. Possimus pariatur animi quo tempore reprehenderit quas.','2015-09-27 04:33:52','1970-11-08 11:14:58'),(89,'est','application/mathml+xml','Quam pariatur voluptas quia placeat dolorem eveniet harum. Qui repellat cumque deleniti ipsa. Fuga qui enim enim et aperiam quidem.','2002-02-22 13:34:16','2009-10-29 14:55:09'),(90,'sint','application/postscript','Vitae culpa consequatur deserunt. Nostrum molestiae voluptas modi. Consequatur beatae ut a quia dolorem. Omnis error aliquid mollitia voluptas et distinctio ullam.','2003-12-18 08:51:16','2006-01-14 21:53:33'),(91,'aut','application/vnd.sun.xml.draw.template','Ea velit eius numquam. Id sed ut beatae. Culpa earum placeat asperiores explicabo. Non beatae ducimus mollitia impedit sunt dicta.','1997-02-21 18:53:38','1998-07-26 18:21:06'),(92,'amet','video/mpeg','Quae qui voluptate aperiam suscipit nostrum et. Est nulla totam distinctio sunt nisi in. Quia sunt mollitia ut vel sunt qui.','2005-11-17 19:20:32','2012-09-13 03:14:54'),(93,'omnis','video/vnd.mpegurl','Aut doloribus voluptatem aut ut eos dicta earum labore. Aut culpa dolorem ea perferendis. Rerum aut nisi ea est sit.','1975-12-26 01:29:37','2015-05-12 18:41:40'),(94,'sit','application/vnd.koan','Dolorum vitae reprehenderit veniam temporibus vel id ex. Molestiae rerum voluptatem nisi cum dignissimos quia.','1985-06-14 21:00:04','2013-12-10 17:14:01'),(95,'eaque','application/vnd.oasis.opendocument.presentation','Voluptates sapiente minus amet sed praesentium rem. Quia quia maiores libero est. Officiis necessitatibus corrupti quos quibusdam quam.','2011-05-03 19:06:07','2005-01-30 07:02:32'),(96,'placeat','application/vnd.dece.zip','Provident asperiores quae architecto exercitationem. Aut consequuntur vel ipsa cum culpa assumenda dignissimos saepe. Eum animi voluptatem ut et sapiente alias.','2002-11-26 10:40:41','1977-02-10 19:30:52'),(97,'quas','application/x-gca-compressed','Nam optio commodi autem. Ex temporibus quisquam tenetur ipsam. Dolor neque voluptas debitis voluptatem aliquam incidunt. Voluptas accusamus quo distinctio dicta nulla nostrum quis quis.','2001-12-14 15:22:09','2010-10-26 21:46:32'),(98,'laudantium','image/vnd.dwg','Autem est quis asperiores enim. Ad accusamus explicabo eligendi deleniti. Possimus id possimus pariatur et voluptatem et. Fuga velit impedit molestiae pariatur repellendus perspiciatis ut labore.','1976-12-13 01:04:02','1989-12-25 07:43:26'),(99,'vero','application/pgp-encrypted','Ut vel nobis animi iste animi aut. Necessitatibus laborum vero dolor non error est dignissimos. Similique delectus libero praesentium eum. Facilis quia aut odit qui.','1984-10-17 15:45:14','1989-10-21 05:07:23'),(100,'similique','video/mp4','Neque aut quis assumenda sunt sit voluptatem fugit. Consequatur aut totam ut saepe molestiae. Voluptas fugiat amet sed et soluta assumenda.','2003-10-19 17:55:04','2018-02-19 09:23:39');
/*!40000 ALTER TABLE `lessons` ENABLE KEYS */;
UNLOCK TABLES;

--
-- Table structure for table `lessons_on_course`
--

DROP TABLE IF EXISTS `lessons_on_course`;
/*!40101 SET @saved_cs_client     = @@character_set_client */;
/*!50503 SET character_set_client = utf8mb4 */;
CREATE TABLE `lessons_on_course` (
  `lessons_id` int NOT NULL,
  `courses_id` int NOT NULL,
  KEY `fk_lessons_on_course_lessons1_idx` (`lessons_id`),
  KEY `fk_lessons_on_course_courses1_idx` (`courses_id`),
  CONSTRAINT `fk_lessons_on_course_courses1` FOREIGN KEY (`courses_id`) REFERENCES `courses` (`id`),
  CONSTRAINT `fk_lessons_on_course_lessons1` FOREIGN KEY (`lessons_id`) REFERENCES `lessons` (`id`)
) ENGINE=InnoDB DEFAULT CHARSET=utf8mb4 COLLATE=utf8mb4_0900_ai_ci;
/*!40101 SET character_set_client = @saved_cs_client */;

--
-- Dumping data for table `lessons_on_course`
--

LOCK TABLES `lessons_on_course` WRITE;
/*!40000 ALTER TABLE `lessons_on_course` DISABLE KEYS */;
INSERT INTO `lessons_on_course` VALUES (80,4),(45,15),(66,27),(25,37),(91,1),(92,21),(8,36),(51,20),(22,42),(72,16),(81,29),(74,27),(75,33),(37,31),(90,4),(99,35),(13,22),(100,40),(96,12),(51,43),(26,22),(28,17),(14,40),(74,18),(62,23),(66,22),(2,20),(96,39),(5,17),(38,48),(39,18),(64,26),(79,32),(30,37),(88,41),(60,7),(24,44),(47,19),(66,10),(72,14),(64,19),(70,33),(76,33),(42,40),(97,40),(75,18),(15,20),(87,47),(2,9),(67,45),(97,13),(2,10),(13,24),(57,39),(67,15),(5,15),(66,38),(96,21),(39,19),(21,18),(16,48),(72,16),(33,29),(23,17),(74,45),(22,36),(15,12),(91,14),(70,24),(5,18),(76,5),(66,21),(83,31),(81,11),(99,1),(58,7),(96,15),(45,14),(87,34),(61,31),(56,42),(32,35),(5,11),(97,37),(69,1),(10,22),(10,38),(85,46),(37,33),(14,18),(66,36),(49,31),(1,47),(89,44),(60,25),(49,8),(32,40),(86,18),(2,41),(10,35),(80,4),(45,15),(66,27),(25,37),(91,1),(92,21),(8,36),(51,20),(22,42),(72,16),(81,29),(74,27),(75,33),(37,31),(90,4),(99,35),(13,22),(100,40),(96,12),(51,43),(26,22),(28,17),(14,40),(74,18),(62,23),(66,22),(2,20),(96,39),(5,17),(38,48),(39,18),(64,26),(79,32),(30,37),(88,41),(60,7),(24,44),(47,19),(66,10),(72,14),(64,19),(70,33),(76,33),(42,40),(97,40),(75,18),(15,20),(87,47),(2,9),(67,45),(97,13),(2,10),(13,24),(57,39),(67,15),(5,15),(66,38),(96,21),(39,19),(21,18),(16,48),(72,16),(33,29),(23,17),(74,45),(22,36),(15,12),(91,14),(70,24),(5,18),(76,5),(66,21),(83,31),(81,11),(99,1),(58,7),(96,15),(45,14),(87,34),(61,31),(56,42),(32,35),(5,11),(97,37),(69,1),(10,22),(10,38),(85,46),(37,33),(14,18),(66,36),(49,31),(1,47),(89,44),(60,25),(49,8),(32,40),(86,18),(2,41),(10,35);
/*!40000 ALTER TABLE `lessons_on_course` ENABLE KEYS */;
UNLOCK TABLES;

--
-- Table structure for table `mentor`
--

DROP TABLE IF EXISTS `mentor`;
/*!40101 SET @saved_cs_client     = @@character_set_client */;
/*!50503 SET character_set_client = utf8mb4 */;
CREATE TABLE `mentor` (
  `profiles_id` int NOT NULL,
  `email` varchar(245) NOT NULL,
  `password` varchar(245) NOT NULL,
  KEY `fk_mentor_profiles1_idx` (`profiles_id`),
  CONSTRAINT `fk_mentor_profiles1` FOREIGN KEY (`profiles_id`) REFERENCES `profiles` (`id`)
) ENGINE=InnoDB DEFAULT CHARSET=utf8mb4 COLLATE=utf8mb4_0900_ai_ci;
/*!40101 SET character_set_client = @saved_cs_client */;

--
-- Dumping data for table `mentor`
--

LOCK TABLES `mentor` WRITE;
/*!40000 ALTER TABLE `mentor` DISABLE KEYS */;
INSERT INTO `mentor` VALUES (32,'eldora87@example.org','b97b7c2b6f4615f3897211163bee26d640118bc1'),(61,'nicolas.aniyah@example.org','23c0c269d11d38ad579dfdf2a563705a493ceffc'),(74,'kathryn68@example.com','b1ac1a6f74b61cbfaa012c707fd8e916e8fd2b9f'),(44,'bashirian.carmel@example.net','e52b420090455a2f387eacd123f067b81d96a9ca'),(67,'maggio.lia@example.net','aefc4ede070b37048b155a4b43d36af1388448c3'),(29,'destin.pouros@example.org','3ff6674c5207ad0298892e9f72bfab6076e3ec7d'),(95,'garrett.boyle@example.org','e125e8664f72dbb0af0a33db0c61f36a824dbad8'),(86,'trantow.wayne@example.com','0b1beb7eee67134da5b10e77aa837314ad661f3b'),(70,'hlangosh@example.org','1c69183283b9dcb25c427427c7cac26f8b3eb934'),(13,'brandon92@example.com','4d8a6666bd18c5b9e834277a547a20c8161dfc8d'),(42,'wauer@example.org','e32dbe23d5374aa155769d548fa6ec66daccc130'),(21,'vhand@example.com','146b3d07ef9bf594b64d93bbb52ba343e535ac88'),(37,'clement.abernathy@example.net','1f35930ab0c9b251e517c5dab3f1d70c962bba06'),(24,'ianderson@example.net','32d877342486097584c8f802e2dfeb9f711d1c2c'),(59,'koepp.cheyenne@example.org','b368dd8b7038c5507d1322167a3cbd6a02862e4f'),(96,'kayley25@example.net','a640139709878f5b85ef933fa4bdef97372bdc63'),(87,'alta05@example.net','c955be3ab61b2b8a714346b2d6434c5eaeebf42d'),(33,'linwood19@example.org','85854abdbb3155e35de3f8fd45c5d956486e5887'),(23,'christine.kilback@example.net','2725cb62f9366279980ab4a1c5c9dce09a6bb8d1'),(58,'alphonso68@example.org','ace194fc0df7c69b277fcab7217f30deb52e9ae1');
/*!40000 ALTER TABLE `mentor` ENABLE KEYS */;
UNLOCK TABLES;

--
-- Table structure for table `messages`
--

DROP TABLE IF EXISTS `messages`;
/*!40101 SET @saved_cs_client     = @@character_set_client */;
/*!50503 SET character_set_client = utf8mb4 */;
CREATE TABLE `messages` (
  `id` int NOT NULL AUTO_INCREMENT,
  `from_user_id` int NOT NULL,
  `to_user_id` int NOT NULL,
  `text` text NOT NULL,
  `created_at` datetime NOT NULL DEFAULT CURRENT_TIMESTAMP,
  PRIMARY KEY (`id`),
  KEY `fk_messages_profiles1_idx` (`from_user_id`),
  KEY `fk_messages_profiles2_idx` (`to_user_id`),
  CONSTRAINT `fk_messages_profiles1` FOREIGN KEY (`from_user_id`) REFERENCES `profiles` (`id`),
  CONSTRAINT `fk_messages_profiles2` FOREIGN KEY (`to_user_id`) REFERENCES `profiles` (`id`)
) ENGINE=InnoDB AUTO_INCREMENT=101 DEFAULT CHARSET=utf8mb4 COLLATE=utf8mb4_0900_ai_ci;
/*!40101 SET character_set_client = @saved_cs_client */;

--
-- Dumping data for table `messages`
--

LOCK TABLES `messages` WRITE;
/*!40000 ALTER TABLE `messages` DISABLE KEYS */;
INSERT INTO `messages` VALUES (1,71,83,'Qui iusto qui nisi quas eum assumenda. Perferendis aliquid nemo nisi. Iure qui ut qui aut a maiores. Sunt a consequatur dolores officia vel ut totam.','2009-06-25 20:01:09'),(2,53,2,'Tenetur minus animi iste ex distinctio deleniti. Quas voluptatem quo quae voluptas. Incidunt et consequatur enim blanditiis at temporibus.','1991-02-24 07:43:53'),(3,35,63,'Molestiae et consectetur quo necessitatibus nesciunt minus blanditiis. Et non nisi explicabo ut occaecati iusto. Minima sed dolor velit ut maxime cum ducimus atque.','2017-06-18 13:49:06'),(4,67,76,'Rerum vero et qui qui. Ex rerum ut laborum fuga deserunt autem aut eveniet. Voluptatum voluptates sunt officia odit fugit sit voluptas voluptas.','1991-07-24 00:17:48'),(5,60,32,'Aliquid hic harum nostrum delectus sit quia. Aut minus non unde sunt ad. Nihil accusamus maxime ut vel ipsam amet earum.','1996-07-05 15:19:03'),(6,1,24,'Numquam et velit asperiores. Nisi voluptatem sed nihil accusamus fugit rerum ut. Occaecati vero natus est dolores optio laudantium maxime.','1992-08-03 04:16:50'),(7,32,85,'Et itaque iste quia sit. Ducimus aut error quisquam qui. Ducimus rerum ut est minus. Officiis molestiae magni necessitatibus voluptatem non.','1970-01-18 17:57:07'),(8,78,21,'Dolores placeat consequatur accusamus commodi. Earum ullam est quos quia. Ab voluptas neque nisi et ea. At minima alias corporis quis.','2014-11-19 20:57:24'),(9,1,38,'Aspernatur voluptatem impedit et ut. Qui quibusdam aut voluptates dignissimos. Nam neque occaecati ut aut consequuntur neque voluptatem.','1994-05-08 08:46:17'),(10,90,41,'Excepturi qui doloribus aut ducimus inventore. Animi consequatur qui sapiente exercitationem repellendus. Quibusdam nobis dicta sit eligendi aut. Rerum dolorem voluptates autem excepturi dicta alias.','1991-09-06 09:28:36'),(11,55,11,'Dolores sed aut ea eius rerum in. Autem repellat odit mollitia. Eos debitis suscipit porro odit quo natus. Explicabo sint recusandae necessitatibus odit distinctio.','2013-04-08 23:25:42'),(12,100,38,'Quo optio aliquid aut eum. Explicabo qui distinctio aut quod tenetur assumenda sit. Alias nam natus beatae sit minus. Iure quis sunt et velit laborum et qui.','2007-06-11 15:51:39'),(13,31,56,'Quo temporibus dignissimos dolores. Repellat iusto adipisci alias quis ab dicta magnam ut. Sed aut nihil aspernatur nostrum.','2018-04-10 09:54:55'),(14,17,82,'Ullam est sint inventore sequi eveniet quia quia. Impedit assumenda et et quos omnis ea necessitatibus. Et modi veniam est quo ut. Optio voluptate temporibus nemo commodi aut.','1994-05-07 20:29:58'),(15,92,29,'Ducimus maiores ratione ea amet expedita est eius vitae. Fugit blanditiis velit nulla voluptas dolorem ea vitae et.','2003-02-25 02:47:47'),(16,95,63,'Vitae quaerat id aut odit qui iste expedita. Libero distinctio omnis eveniet inventore voluptatem voluptas sunt. Ea et magni eos veniam deleniti. Amet voluptates est in sequi nemo voluptatem.','2011-09-08 20:11:38'),(17,11,47,'Officiis dolores aliquam distinctio asperiores odit. Facere commodi adipisci alias aliquam. Ipsa ad dicta sint asperiores molestiae. Vel aliquam expedita alias molestiae sed.','2001-01-23 13:48:00'),(18,64,46,'Suscipit unde saepe est maiores. Ea numquam blanditiis ut fugiat reprehenderit non quia. Omnis nostrum velit nesciunt recusandae. Dolores est fugit aut doloribus dolor quisquam.','1980-01-12 15:50:58'),(19,9,30,'Eum ratione ut voluptate et. In minus nisi possimus nam commodi voluptas. Pariatur voluptatum voluptatem nulla aut hic. Neque maiores et perspiciatis saepe aliquam quia doloremque.','2008-12-18 10:40:56'),(20,22,69,'Veritatis rem eum vel animi commodi alias magni. Magnam autem animi dolorum cumque rem nihil. Possimus esse voluptas nihil natus. Eos vitae accusamus temporibus quia expedita.','1981-02-11 19:29:39'),(21,62,22,'Ut sint tempora eum molestiae. Aliquam pariatur praesentium qui aut. Nostrum accusamus cupiditate praesentium sed. Sit aliquam sint dolores autem voluptatem est consequatur.','1988-08-05 11:38:41'),(22,93,93,'Minus laborum recusandae reiciendis hic cupiditate voluptas. Cupiditate necessitatibus eius eum laborum. Facere quidem modi ullam debitis laudantium.','1989-09-11 13:34:54'),(23,7,70,'Pariatur dolorem eos consequatur non et. Quidem et voluptatem qui architecto nesciunt ex corrupti qui. Et dolores voluptatem ipsum et adipisci autem in.','1993-11-27 01:38:33'),(24,14,8,'Asperiores veniam placeat ad aut. Minima sapiente eaque architecto. Est consequatur assumenda temporibus omnis iste nihil qui. Dolor odit eos tenetur ut.','2018-11-13 02:38:23'),(25,7,3,'Tenetur consequatur aut est quos corrupti dolore sequi. Corporis autem aspernatur minus veniam quia quos vel.','1985-03-05 11:57:21'),(26,48,62,'Qui magni sit quae explicabo quia qui error. Illo ipsa illum rem odio autem iure dolore. Voluptatem magnam qui autem fuga reiciendis. Quo atque nulla aut iusto voluptatibus.','1983-04-25 08:37:18'),(27,13,48,'Totam voluptas voluptas quidem deserunt ut ratione eum. Dolores aspernatur nam at quae est. Aut amet sed nesciunt voluptatem voluptatibus.','2005-08-18 13:56:12'),(28,100,44,'Et consequuntur qui excepturi accusantium nobis. Qui beatae est eius dolor. Aut laborum quia occaecati qui enim blanditiis sit. Nihil suscipit quod asperiores vitae sit maxime.','2004-03-28 09:42:23'),(29,4,17,'Consequatur beatae esse nostrum itaque voluptas assumenda. Nam quis laboriosam voluptatibus ea expedita qui. Eos ea vel eos sunt eum reiciendis. Qui laboriosam officiis adipisci quae.','2005-06-19 05:08:57'),(30,25,96,'Dolorem voluptas dolorem ut hic iusto expedita. Praesentium error quisquam eos voluptatum enim officia. Magnam et est nihil quasi.','1974-01-18 21:08:25'),(31,45,20,'Repudiandae ipsam qui voluptates et modi. Alias amet dolor et tenetur quo. Atque sunt molestias et quaerat fugit ut nam corrupti.','2010-10-13 22:10:59'),(32,58,56,'Aliquid aut enim enim. Deserunt nisi tempore porro architecto ut earum est deleniti. Ab repudiandae autem voluptatem qui est consequuntur illum.','2011-07-07 03:47:17'),(33,66,22,'Totam error ut consequuntur perferendis beatae aut. Id porro quos atque sapiente accusantium. Qui debitis unde et optio dolorum libero.','2018-05-19 23:39:54'),(34,1,75,'Expedita quis corrupti voluptatem dolores magnam voluptatum ut est. Officiis illum ea nisi perspiciatis modi maiores ipsam. Aut quam sit et id odit ut voluptas.','2016-11-02 19:19:30'),(35,52,22,'Qui inventore non ut architecto cum et. Dolore hic iste voluptatibus commodi rerum est. Magnam dolor velit ut non consectetur.','2000-05-15 07:23:48'),(36,43,13,'Cum ex nesciunt possimus similique explicabo. Beatae corporis itaque qui cumque sed. Reiciendis sed laboriosam aut hic qui voluptas qui est.','1971-09-03 23:20:29'),(37,44,35,'Omnis libero cum deleniti autem voluptatum autem alias iure. Sunt magni quasi dignissimos est eos aliquid. Quidem ut at unde esse vero in. Et quia animi vel laudantium.','1991-06-05 20:36:43'),(38,6,50,'Similique et eos nihil praesentium veritatis asperiores. Voluptatem sunt totam occaecati quo ratione ut quis nostrum.','1972-07-13 15:31:15'),(39,5,19,'Maiores eaque in ea sed pariatur. Aliquid nemo deserunt ut officiis ex assumenda nobis. Maiores eius sapiente autem impedit.','1990-03-17 02:10:35'),(40,57,11,'Quo ut totam ex voluptatem voluptas quia. Et consequatur perferendis dolore nemo aut eveniet commodi. Ut atque suscipit sequi sint vel. Voluptates temporibus aut sunt commodi est rem dolorem.','1981-06-18 18:05:45'),(41,21,5,'Consectetur inventore vel soluta ipsam corporis. Repellendus alias et dignissimos est cupiditate. Totam qui quidem error sed minus vel dolores.','1971-11-06 13:42:26'),(42,73,34,'A laboriosam occaecati ipsa qui voluptas molestias. Fugiat numquam nihil dolor ea sed deserunt odio at. Sit assumenda dolor impedit. Quia veniam reprehenderit ut adipisci.','1973-01-23 10:47:30'),(43,52,72,'Assumenda necessitatibus doloremque sequi aut aliquam est. Est explicabo quas ab mollitia. Labore eligendi vel a.','1971-03-06 13:53:58'),(44,77,55,'Consequatur deleniti ut ipsa sed eos. Ullam aut soluta ut optio nihil repellat est. Molestias provident sint qui ut. Rem laudantium consequuntur deleniti est quis est et.','2020-08-06 23:23:52'),(45,88,2,'Facilis sed quia nesciunt ducimus non. Ipsum aut consectetur praesentium est et ipsum. Aspernatur eveniet hic provident architecto odio.','1971-09-22 19:24:34'),(46,51,33,'Rem animi a sed magni dolor doloremque voluptate id. Sed at illo praesentium quia dolor voluptatem. Repudiandae fugiat voluptatem voluptatem.','2018-10-19 02:36:16'),(47,21,8,'Incidunt saepe odio a adipisci quasi. Assumenda eum consequatur impedit adipisci saepe et eius vero. Tenetur molestias rerum dicta quia cupiditate nihil. Mollitia labore dolores et corporis.','2011-11-28 09:50:39'),(48,88,87,'Voluptas atque animi sed. Aliquam dolorem temporibus reiciendis cumque. Exercitationem eligendi iste qui ratione et ipsam. Aut dolorum ipsam aut numquam.','1972-02-02 16:16:08'),(49,29,88,'Non quaerat praesentium ea placeat. Quos qui expedita est sint necessitatibus fugiat. Numquam voluptas quasi voluptatum in. Et tempore non totam.','1974-10-22 16:45:47'),(50,61,81,'Sapiente minus voluptatem recusandae quia est nobis voluptas mollitia. Voluptatibus qui occaecati tempora veniam ad eveniet iure. Recusandae fugit corporis placeat sint vel doloribus.','2012-01-12 10:33:57'),(51,10,4,'Ducimus sunt qui numquam accusamus. Sapiente dolore omnis dolorem ea alias.','1991-02-26 02:16:41'),(52,93,53,'Ea ipsam labore consequatur dolore dolore tempore. Voluptas mollitia minus qui. Sit et et in explicabo quisquam.','2017-10-08 08:36:40'),(53,39,98,'Praesentium excepturi aut eos aliquam vero consectetur sint qui. Et porro quo labore sequi iusto perferendis. Voluptates a ut ea. Labore minima et at qui ut amet.','1987-04-12 05:32:00'),(54,2,43,'Voluptatem est ad omnis ab molestias labore. Fugit omnis aliquid beatae laudantium velit consequuntur unde. Et autem tempore distinctio reiciendis unde. Voluptates id possimus unde provident.','1990-07-27 23:13:51'),(55,17,59,'Eveniet rerum sint rerum voluptas quis cupiditate. Amet enim reprehenderit ducimus commodi voluptates et. Enim laborum natus libero qui omnis.','2008-11-30 12:29:34'),(56,54,38,'Veniam nostrum quia blanditiis. Ut aut recusandae possimus aut eligendi blanditiis. Neque at sit ut atque voluptatem et. Dolores fugiat incidunt unde et perspiciatis adipisci.','2005-11-21 04:21:47'),(57,64,26,'Quia debitis delectus molestias quia sunt minus neque. Velit porro unde ratione maxime iste provident odio laborum. Rem fugiat qui eius et.','1994-05-21 04:49:44'),(58,71,15,'Non cupiditate omnis iure maxime voluptatum quidem aut. Cumque quam dolor excepturi fugit. Voluptas facere harum est alias dolor earum asperiores.','1991-01-24 08:21:41'),(59,98,47,'Autem explicabo repellendus qui voluptatem dicta quia. Quia odio et omnis qui ut culpa quaerat. Necessitatibus ullam debitis reiciendis exercitationem quia.','1992-01-27 11:39:18'),(60,70,85,'Cupiditate sunt ab quam eos sint ipsam molestias. Eum quo aspernatur incidunt fugit. Asperiores et quis dolores veritatis.','1990-03-25 16:48:06'),(61,48,20,'Pariatur rem magnam necessitatibus consequatur iste. Facilis commodi velit blanditiis nihil inventore quisquam voluptates. Hic modi minus porro amet. Libero sint optio et dolorem quisquam.','1985-04-19 04:51:33'),(62,17,69,'Voluptas eos corrupti voluptatem alias. Et ratione voluptatem et dolores.','2020-10-05 06:04:34'),(63,28,5,'Ipsam molestiae voluptas blanditiis vero. Consequatur nihil enim non hic et aspernatur architecto voluptates. Eos totam esse occaecati sed consequatur eos nulla.','2013-11-26 16:02:10'),(64,55,57,'Aut asperiores temporibus eligendi eaque. Possimus est sed dolorem corporis commodi veniam. Et aliquid molestiae nisi voluptates harum nesciunt fugiat corrupti.','1986-12-31 14:21:40'),(65,93,16,'Labore consequatur explicabo aspernatur consequatur nemo molestiae. Dolore sint et fuga ad perferendis eveniet. Facere optio et ad accusantium labore dolores minima vero.','1978-06-05 18:14:53'),(66,37,2,'Illum corrupti quisquam atque sed nihil sit. Ut dolorem aspernatur voluptatum consequatur nulla beatae. In accusantium eum voluptas deserunt. Ut quis est et.','1985-01-27 12:39:41'),(67,19,30,'Expedita ad odio nihil omnis qui voluptatem quasi. Minus voluptas id soluta. Et illo dicta et explicabo quia. Voluptatem rem quia laboriosam.','2011-07-14 06:17:11'),(68,54,57,'Nobis porro sit omnis harum qui veniam quia voluptatem. Eum atque quis quia sequi. Dolorem nostrum doloremque assumenda vel quam minus et et. Sunt asperiores quia sapiente quo.','2000-06-06 12:46:36'),(69,27,56,'Laborum repellat sint recusandae iure accusantium commodi. Temporibus est nemo ipsa corrupti reprehenderit ipsa dolores enim.','1972-03-16 20:18:37'),(70,99,44,'Adipisci aut voluptas veritatis est quae. Harum laudantium dolor ipsa delectus. Nemo incidunt qui repellendus modi et laboriosam.','1971-09-12 17:19:01'),(71,15,52,'Unde est exercitationem et sint necessitatibus eum ut. Accusamus sequi excepturi aliquid eveniet. Voluptatem mollitia animi soluta delectus.','1979-12-10 23:09:19'),(72,81,78,'Labore inventore vero porro sed earum. Aspernatur et ut ab. Et sed ipsa dolor ut. Aliquam omnis voluptate quas.','1978-10-16 14:41:44'),(73,78,51,'Illum atque deserunt omnis at at dolorem. Commodi tenetur nihil aut voluptatibus repellat ea eos dolore. Fugiat cupiditate molestiae temporibus.','2020-03-19 21:20:00'),(74,93,75,'Accusamus omnis repudiandae id explicabo. Quod quia rerum odit omnis eveniet quidem. Quia velit maiores necessitatibus repudiandae sed adipisci fuga illum.','1971-06-14 02:07:15'),(75,98,63,'Nulla velit quidem et ratione. Corporis ut fugit ea voluptas consequatur debitis inventore. Et eum repellat in et repellendus.','1970-01-29 19:32:29'),(76,60,46,'Vel beatae corporis temporibus blanditiis quod quis. Aut aliquam ut et rerum et facilis nihil. Est autem fugiat odit dolor quo animi. Quia quia pariatur nobis aliquam laudantium quidem.','2010-06-13 22:14:45'),(77,83,76,'Sed quo in recusandae aut aut recusandae. Inventore quis repellendus autem ut sed voluptatibus. Dolor voluptatem et itaque. Corrupti cumque non odio praesentium.','2007-01-23 00:08:06'),(78,14,10,'Rerum non dolore vel voluptas dicta et quisquam. Sequi qui doloribus odit veniam. Labore perspiciatis blanditiis molestias accusamus sapiente corporis. Ut vel ut aspernatur et.','1975-05-03 05:12:35'),(79,81,69,'Et veritatis assumenda et et. Reprehenderit aliquam voluptatem illo. Possimus et tenetur voluptas.','1993-11-27 22:09:10'),(80,67,73,'Fugit minus et sit ut. Molestiae magnam corporis iste id. Cum voluptate voluptatem ipsum est repellat. Blanditiis quia quis quos est quia.','2019-04-28 16:55:56'),(81,84,3,'Quia iure numquam optio molestiae voluptates. Omnis maxime quae sed et excepturi. Dolores et ut necessitatibus ab autem.','1996-05-06 17:58:38'),(82,74,2,'Suscipit nobis mollitia veritatis quia. Vel dolore ullam maxime ipsum. Ut voluptate enim sunt facere.','1995-11-06 23:34:51'),(83,33,28,'Cum facilis asperiores et sed. Officiis quo saepe accusamus aut. Dolores ut tempore pariatur sit nihil. Ut qui unde quia voluptas modi.','1997-07-17 01:13:40'),(84,58,59,'Quaerat blanditiis totam nulla doloribus laudantium. Omnis suscipit nisi delectus hic. Aut accusamus eveniet error debitis ea eaque velit.','1993-10-14 07:03:39'),(85,84,57,'Perferendis sint porro voluptas. Architecto vitae dolor rem officia. Voluptatum laborum aut quia sed non. Cum ut totam quod quos quia distinctio numquam. Dolores quo est sint ipsum.','2015-03-03 18:42:54'),(86,3,98,'Dolor et rerum enim dolorem ut velit sint. Esse aut non veniam est ea aut fugit temporibus. Laboriosam est sapiente fugiat in est et.','1977-01-21 16:17:40'),(87,9,83,'Explicabo enim eum recusandae ab dolores. Consectetur cupiditate qui quia alias et et. Ab aut nam vel quam.','2008-01-17 23:55:52'),(88,76,86,'Fuga illo sint et iusto. Totam voluptatem sint perspiciatis aut ea et. Eaque quis nobis non dolores assumenda maiores aut.','1977-05-20 21:21:36'),(89,33,68,'Esse voluptatem mollitia eaque quod officia consequuntur laudantium. Similique dolores vitae dicta qui odit eveniet cumque. Quos incidunt voluptatem unde assumenda maxime.','1975-03-26 01:40:33'),(90,61,31,'Sed debitis aliquam ad architecto ab aliquam nisi. Nostrum illo in cumque. Cumque velit suscipit ipsa consequatur rerum. Recusandae fugit natus aut et consequatur laborum.','1983-12-16 10:09:29'),(91,30,20,'Inventore ratione error delectus enim aut voluptatem quia. Quis eos in totam quisquam hic voluptate et. Fuga illo suscipit accusamus. Odit quibusdam ipsum eos dolorem eos.','1982-08-03 13:02:23'),(92,76,13,'Maxime commodi voluptatibus in et ipsum et. Illum aut et iusto ut nisi officiis sed. Voluptate atque molestiae dolorem sequi. Odit praesentium ratione voluptatum dolor est pariatur.','2006-09-16 01:48:46'),(93,95,89,'Qui voluptatem dolor id distinctio est debitis itaque. Quasi suscipit aperiam quia nisi. Quia blanditiis suscipit possimus natus omnis sed sed. Enim expedita est qui.','2008-01-02 10:28:58'),(94,23,76,'Hic itaque ea consequuntur amet qui et. Iusto est iure est asperiores porro qui. Perferendis cum nobis beatae ea aut. Consequatur quo eveniet eius beatae atque.','2007-12-10 17:32:12'),(95,57,89,'Explicabo repudiandae est impedit ullam cumque aliquam ut et. Ipsa cum quos tempore corporis et ab ea fugit. Rerum totam consequatur repudiandae illum. Atque aut maxime dolor eligendi.','1980-03-26 17:27:04'),(96,48,41,'Non accusantium vitae quo eveniet qui incidunt dicta sint. Nisi vel facilis ut ullam. Doloribus ut sit unde aut eaque accusamus.','1984-01-17 17:40:14'),(97,92,22,'Autem ut similique corrupti reprehenderit. Sed adipisci nemo et perferendis commodi vel suscipit. Cupiditate et natus fugiat id ducimus deserunt quo.','1981-12-11 12:40:34'),(98,42,24,'Ut nulla et reprehenderit ut. Pariatur doloremque et dolor iusto quis.\nDolor quibusdam magni architecto ducimus. Nostrum deleniti reiciendis nemo vero nobis. Aut aut nulla vel vel aliquid.','1990-10-23 16:19:14'),(99,49,100,'Quasi nihil distinctio atque. Perferendis amet voluptatem ab. Quae autem accusantium voluptatibus saepe unde. Distinctio minima natus dolorem dolor ducimus sed aut modi.','2010-05-15 07:21:01'),(100,83,33,'Eos delectus iste temporibus blanditiis quas qui inventore. Voluptatem qui quae officia unde ipsa culpa dolor. Adipisci et minus consectetur cumque dolorum eos ab. Ut quae est qui quidem.','2018-10-09 02:33:22');
/*!40000 ALTER TABLE `messages` ENABLE KEYS */;
UNLOCK TABLES;

--
-- Table structure for table `messages_discussions`
--

DROP TABLE IF EXISTS `messages_discussions`;
/*!40101 SET @saved_cs_client     = @@character_set_client */;
/*!50503 SET character_set_client = utf8mb4 */;
CREATE TABLE `messages_discussions` (
  `id` int NOT NULL AUTO_INCREMENT,
  `discussions_id` int NOT NULL,
  `author_id` int NOT NULL,
  `text` text NOT NULL,
  `created_at` datetime NOT NULL DEFAULT CURRENT_TIMESTAMP,
  `is_answer` int DEFAULT NULL,
  PRIMARY KEY (`id`),
  KEY `fk_messages_discussions_discussions1_idx` (`discussions_id`),
  KEY `fk_messages_discussions_profiles1_idx` (`author_id`),
  CONSTRAINT `fk_messages_discussions_discussions1` FOREIGN KEY (`discussions_id`) REFERENCES `discussions` (`id`),
  CONSTRAINT `fk_messages_discussions_profiles1` FOREIGN KEY (`author_id`) REFERENCES `profiles` (`id`)
) ENGINE=InnoDB AUTO_INCREMENT=36 DEFAULT CHARSET=utf8mb4 COLLATE=utf8mb4_0900_ai_ci;
/*!40101 SET character_set_client = @saved_cs_client */;

--
-- Dumping data for table `messages_discussions`
--

LOCK TABLES `messages_discussions` WRITE;
/*!40000 ALTER TABLE `messages_discussions` DISABLE KEYS */;
INSERT INTO `messages_discussions` VALUES (1,24,91,'Mollitia error et iste magnam. Nemo nobis omnis maiores rerum vitae. Non velit eius eaque voluptas molestias soluta fugit exercitationem.','1978-09-03 18:27:41',1),(2,24,71,'Consequatur ex dolorum rerum quis et ex consequatur. Dolores consequatur facilis adipisci molestiae quaerat ab. Ut ad consequatur veniam quia quo explicabo.','1980-10-24 05:05:31',1),(3,21,39,'Incidunt facere tenetur recusandae ut. Repellat ut omnis ut sit. Nisi et consequatur dicta quos incidunt facere. A recusandae nobis sit porro.','1982-04-11 10:24:04',0),(4,19,39,'Qui aut debitis culpa atque omnis est enim. Illum quia dolor rerum sunt repellendus est. Officia accusamus alias voluptas provident vitae tenetur.','1989-07-09 11:00:41',1),(5,20,75,'Veniam officia quis adipisci hic aut et. Magnam in reprehenderit laudantium rem accusamus. Odio blanditiis asperiores dolor est molestiae.','1972-11-12 04:10:05',1),(6,21,65,'Adipisci sint qui nemo nobis praesentium ut vel natus. Corporis eveniet ipsam voluptas voluptatibus et. Sunt ducimus minus quas sunt.','1979-12-06 08:55:17',1),(7,3,89,'Explicabo cupiditate est dolore asperiores. Corporis aut consequuntur sed sint est modi cupiditate. Fugit eveniet sunt qui non modi magni a. Voluptatem aut repudiandae doloremque sint porro.','1977-03-13 04:11:19',1),(8,12,43,'Aliquam sequi commodi velit. Asperiores magni sit dolorum ut nobis. Cupiditate natus cumque nostrum voluptate ab est est ipsa.','2002-08-24 08:57:20',0),(9,6,63,'Dolor consectetur rerum quo nihil. Aliquid qui aliquid ex est tenetur. Iste voluptas aut qui.','1974-12-26 07:11:22',0),(10,13,13,'Sed deserunt corporis impedit quasi qui voluptas qui. Velit quis et natus vel voluptas et sint. Vel id exercitationem id accusantium exercitationem.','2002-09-26 05:48:22',1),(11,29,11,'Sit asperiores odit fugiat fugit error reprehenderit hic. Quisquam optio aut laborum rerum ad. Itaque aut et rerum voluptas et accusantium corrupti.','2012-07-15 14:59:44',1),(12,29,51,'Est id pariatur eaque eaque deserunt occaecati. Mollitia dicta est eos sunt. Cupiditate necessitatibus accusamus molestiae et.','2018-05-01 12:41:39',1),(13,13,51,'Illo tempora qui eveniet soluta dolorem repellendus. Quisquam eveniet dolore minima repudiandae omnis tempore ut voluptate. Quo dolores sit sunt laudantium.','2011-03-17 03:01:42',0),(14,18,50,'Tempora nihil repellat animi non sint. Laboriosam nesciunt ad ut. Fuga commodi eaque impedit nostrum quisquam debitis nesciunt.','1988-04-20 13:22:42',1),(15,9,69,'Ipsa recusandae delectus quia nihil veritatis quia molestiae. Corporis ea deleniti magni reiciendis dolorem vero.','1979-05-31 23:08:35',0),(16,25,6,'Facere et tempora id ratione ab ratione amet. Vel illo sed dicta qui esse eveniet at. Magnam quasi unde quo.','1984-07-20 21:24:33',1),(17,18,60,'Atque assumenda soluta odit atque id. Iusto iste corporis accusantium sint. Provident eligendi laboriosam voluptatem rerum commodi. Aliquam sed dolores modi aut eum ea id.','1973-10-30 05:03:28',0),(18,23,29,'Deserunt ipsum repellendus laborum qui. Non odit distinctio et neque qui nostrum consequatur. Et sit cupiditate quod voluptas tempora facilis adipisci.','1971-09-23 23:00:08',0),(19,30,38,'Et magnam molestiae natus dolores impedit quisquam. Laudantium reprehenderit incidunt asperiores sit. Culpa iste voluptas rerum aut. Sunt aut at dignissimos fugiat.','1988-09-22 05:08:02',1),(20,21,63,'Praesentium non dolore quasi et debitis ut dolores. Ut minus harum sunt voluptas voluptas nesciunt.\nQuia modi quo modi voluptas dolor cupiditate. Provident vel quia temporibus dolorum excepturi.','1977-05-15 07:05:43',1),(21,4,37,'Alias laudantium tempore ullam officiis. Placeat reiciendis repellendus minus dicta libero sed voluptatem. Aspernatur possimus cum ipsa enim esse pariatur ut.','2003-01-10 10:10:40',1),(22,9,21,'Delectus est quae magni libero impedit vel architecto totam. Optio consequatur fuga excepturi expedita.','1994-09-19 23:49:51',1),(23,8,67,'Aperiam et vitae est dolores blanditiis qui vel voluptas. Porro commodi voluptate et id. Quaerat officiis molestias sed voluptatem ut ipsam et. Vel pariatur ut rerum reiciendis.','2015-09-07 20:46:23',0),(24,19,43,'Eum eos in neque fugit. Sit ex sunt officia cumque eos. Aliquam veritatis rerum cupiditate. Voluptas quasi architecto ut. Repellat quia consectetur aut et.','2020-05-04 19:44:06',1),(25,9,6,'Explicabo tempora libero repudiandae voluptatem ea voluptatum quos. Est commodi eius eveniet sequi. Consequatur iusto sint porro. Dolores unde nobis eos fugit.','1995-02-23 06:09:39',0),(26,17,25,'Ipsam et rem quasi incidunt. Sed tempore recusandae laborum. Ut officiis in nemo enim modi et.','1994-03-01 02:11:00',0),(27,5,51,'Aut sint doloribus corrupti rerum nemo nam necessitatibus. Consequatur quis consectetur placeat blanditiis. Autem beatae consequatur ad sapiente.','1975-10-08 08:05:59',0),(28,23,59,'Repellat possimus ipsam ut voluptatibus a aperiam. Et dolorum ab doloribus suscipit voluptatem. Quos aperiam occaecati sequi a nemo a.','1983-11-12 04:35:32',1),(29,1,35,'Non et ad est molestiae enim. Quos necessitatibus eos consequatur accusamus corrupti repellat id. Aut quaerat autem ducimus vel.','2018-08-24 01:21:44',0),(30,3,31,'Dolores delectus quisquam ducimus et mollitia beatae reprehenderit. Voluptatem odio ut ex vel. Voluptas aut doloribus molestias. Aut odio fugiat optio explicabo.','2013-08-16 13:31:37',0),(31,1,90,'Quas sit id itaque quidem. Quod delectus non laboriosam hic et. Iure rerum consequatur dolor vitae.','1989-12-01 16:25:58',0),(32,11,62,'Ut est magnam occaecati consequuntur. Et itaque vero qui eos perspiciatis rerum. Consequatur deserunt pariatur harum omnis modi quos assumenda.','1991-10-23 13:06:00',0),(33,15,11,'Dolorum deleniti qui qui accusantium. Nesciunt omnis nihil architecto qui et fuga illum. Voluptas quia excepturi tenetur repellendus.','1970-04-04 06:32:20',0),(34,27,47,'Dolorem aut neque et quasi dolorem sed. Qui quas nam doloremque. Quo est eligendi voluptates adipisci. Voluptatem aliquam nemo ab in.','2014-07-21 18:01:51',1),(35,15,57,'Tempora tempora suscipit neque quibusdam asperiores. Consequatur saepe repellendus itaque. Explicabo laboriosam expedita asperiores voluptatem veniam.','1992-10-19 00:00:02',0);
/*!40000 ALTER TABLE `messages_discussions` ENABLE KEYS */;
UNLOCK TABLES;

--
-- Table structure for table `messages_forums`
--

DROP TABLE IF EXISTS `messages_forums`;
/*!40101 SET @saved_cs_client     = @@character_set_client */;
/*!50503 SET character_set_client = utf8mb4 */;
CREATE TABLE `messages_forums` (
  `id` int NOT NULL AUTO_INCREMENT,
  `forums_id` int NOT NULL,
  `author_id` int NOT NULL,
  `text` text NOT NULL,
  `created_at` datetime NOT NULL DEFAULT CURRENT_TIMESTAMP,
  `is_answer` int DEFAULT NULL,
  PRIMARY KEY (`id`),
  KEY `fk_messages_forums_forums1_idx` (`forums_id`),
  KEY `fk_messages_forums_profiles1_idx` (`author_id`),
  CONSTRAINT `fk_messages_forums_forums1` FOREIGN KEY (`forums_id`) REFERENCES `forums` (`id`),
  CONSTRAINT `fk_messages_forums_profiles1` FOREIGN KEY (`author_id`) REFERENCES `profiles` (`id`)
) ENGINE=InnoDB AUTO_INCREMENT=41 DEFAULT CHARSET=utf8mb4 COLLATE=utf8mb4_0900_ai_ci;
/*!40101 SET character_set_client = @saved_cs_client */;

--
-- Dumping data for table `messages_forums`
--

LOCK TABLES `messages_forums` WRITE;
/*!40000 ALTER TABLE `messages_forums` DISABLE KEYS */;
INSERT INTO `messages_forums` VALUES (1,20,7,'Cum non repudiandae veniam esse autem nihil. Excepturi ab voluptate aperiam saepe aperiam neque. Ducimus ipsam ad placeat officia autem mollitia tempora.','1983-10-25 20:04:16',1),(2,18,26,'Corporis odio ab accusamus atque consequatur qui deleniti. Atque quod sunt suscipit ipsam molestiae reiciendis. Dolore non voluptatem quasi quos. Corporis non possimus enim qui.','2010-05-19 16:13:38',0),(3,3,11,'Aut blanditiis qui eum. Nam quia delectus facere ut. Beatae rerum tempore et enim rem numquam. Tempore asperiores accusamus consequatur omnis.','2009-05-28 23:33:31',1),(4,10,10,'Sunt fugiat et ut et et. Quas omnis unde nihil quisquam et. Sapiente perspiciatis tempore ut sunt.','1995-11-24 08:00:06',1),(5,6,93,'Voluptas adipisci non at eum. Aut et quam praesentium sunt architecto. Doloribus pariatur omnis voluptas sint tempore. Quasi numquam accusantium voluptas rerum eaque.','1988-03-22 00:19:01',1),(6,19,73,'Omnis dolorem recusandae in. Sit fugit dolorem et commodi suscipit nesciunt et. Enim error beatae accusantium totam et praesentium ad. Dolore est fugiat exercitationem quam.','2013-11-07 09:34:48',1),(7,18,21,'Tempora voluptas aliquam maxime sed eos. Ab blanditiis necessitatibus ea quis qui. Velit non assumenda est quis et et.','1986-07-06 13:26:32',1),(8,4,59,'Adipisci possimus rerum quaerat voluptates molestias deserunt ipsum officia. Saepe exercitationem repellat qui ut.','2015-12-23 03:37:44',0),(9,4,46,'Repellendus et dolores molestiae harum. Ut quae quia dicta quia.\nCommodi illum maxime et. Adipisci minus officia beatae vero at tempore neque dolor.','1992-08-01 09:14:28',0),(10,8,90,'A quod quas quaerat dicta excepturi perferendis qui. Doloribus aspernatur sunt natus minima. Perferendis dicta sit non nostrum sunt iure.','2000-09-25 09:10:45',1),(11,14,15,'Expedita omnis dignissimos est quod libero cum dolores. Perferendis nihil laboriosam cupiditate nihil nihil aut.','1980-03-13 03:54:38',1),(12,18,47,'Quis neque enim odit autem illum. Facilis libero incidunt fuga ut. Et ea perferendis eius vel quos nihil quia.','1980-08-02 16:46:36',1),(13,6,90,'Nesciunt quo ipsa architecto ducimus. Vitae nihil nesciunt tempore et repellat qui dolor et. Eos atque possimus totam aut eius nobis. Commodi neque amet aliquam eveniet optio.','1990-10-02 17:29:32',1),(14,10,18,'Consequatur consequuntur voluptatem consequatur sed occaecati consectetur. Sint quis cumque quis harum quia. Aperiam ullam facere corporis itaque a ipsum.','2009-11-24 20:31:50',1),(15,15,51,'Vero ab error et enim itaque earum. Occaecati veniam tempore dicta voluptatem. Autem quas delectus quaerat quo perspiciatis rerum doloribus in. Cum iusto quas ab recusandae quo a autem commodi.','1989-06-22 19:35:56',0),(16,6,70,'Autem repellendus eligendi est ullam. Nostrum voluptatem totam facilis asperiores consequuntur sit eos. Corporis voluptatem totam occaecati.','1983-07-02 12:22:36',1),(17,12,15,'Placeat voluptatem consequatur error. Commodi nam ex sed non reprehenderit ipsa autem necessitatibus. Repudiandae qui dicta quis quasi tempore. Est odit ducimus vero sed consequuntur sit omnis.','2009-11-24 18:33:11',0),(18,19,71,'Aut id ut porro dolorum. Minima soluta qui labore. Nulla earum et numquam quae numquam consequatur quaerat aut.','1985-07-30 11:09:19',0),(19,6,41,'Nostrum et est reiciendis consequuntur qui ut. Unde saepe consequatur temporibus voluptas. Iste occaecati aut ratione sed ab pariatur.','2009-09-16 12:54:35',1),(20,16,52,'Est odio doloribus autem delectus enim voluptas ratione. Fugit dolorum qui omnis consequuntur qui alias.','1999-12-02 03:43:25',0),(21,7,73,'Repudiandae mollitia magni similique est. Vero fugiat sit est. Non enim dignissimos in nisi. Qui quaerat est in id odio perspiciatis. Et tempora velit blanditiis illum.','1997-01-08 07:29:28',1),(22,5,21,'Et enim facere natus reprehenderit explicabo explicabo. Quisquam laborum ex distinctio.','2006-12-24 02:00:13',0),(23,19,42,'Ab fuga ullam recusandae illum velit id. Nulla facilis laborum eveniet excepturi. Et aliquid repellat nostrum sint consectetur. Sed modi hic non officiis non aut.','1981-02-04 16:16:29',0),(24,16,10,'At dolor enim est. Sit est et qui voluptas ratione. Qui natus sit fugiat ratione. Ex dolor voluptas recusandae voluptas ut nobis quis. Temporibus possimus molestias nihil est commodi ut omnis.','1994-06-09 07:23:18',1),(25,18,16,'Quibusdam fuga ut tenetur placeat molestias magni nulla. Dicta eum provident sunt blanditiis laboriosam nam delectus consequatur. Quis provident et sequi eos molestias eius in voluptatum.','2014-10-30 19:14:06',1),(26,20,56,'Et sint est perferendis amet earum harum est non. Non et quia eum aut non. Harum officia facilis eius ipsum voluptas consectetur.','1974-05-17 15:17:42',0),(27,7,88,'Ipsa modi dolorem omnis molestiae nam. Maxime impedit eligendi officiis. Mollitia earum quia quia eius.\nSuscipit aut omnis hic sint totam qui est. Sunt ab sapiente et non corrupti eius sit.','2019-10-21 05:00:07',0),(28,1,56,'Sint quibusdam vel qui omnis nesciunt qui qui. Ut odit dolorem qui molestiae ea est qui ut. Ullam quo et ut adipisci tempora quaerat. Ea cumque autem illo qui cum accusantium eos dolores.','2008-06-29 07:43:20',0),(29,16,48,'Repellat voluptatem vero nostrum quod unde consequatur. Voluptatibus eos vel reprehenderit minus temporibus. Maxime nostrum neque dolor porro velit qui.','1979-04-24 01:45:24',1),(30,15,47,'Voluptatem qui velit maxime quis sint. Optio deserunt quis sit explicabo eius eum iste. Ut fuga consequatur nam impedit qui qui enim. Facilis quia deserunt rerum laborum.','2001-12-06 18:23:25',1),(31,20,100,'Consequuntur qui qui fugit in. Reiciendis exercitationem perferendis qui qui quam et maxime. Totam molestias quasi repellendus distinctio reiciendis non.','2001-12-29 11:52:49',0),(32,4,56,'Id quia illo perferendis ipsum. Enim possimus minus ipsa rerum qui. Sint non sint nulla.\nHarum at necessitatibus velit qui sed sit. Suscipit vero magni minus eveniet expedita.','1994-10-07 15:10:53',0),(33,3,10,'Rem hic eos est harum. Atque incidunt saepe blanditiis. Aut vitae vitae rerum rerum qui harum. Molestiae cupiditate ut minus qui necessitatibus dolorem.','1980-08-08 12:21:29',1),(34,6,40,'Accusantium quo nihil omnis tempora laboriosam aut aliquid. Accusamus magni in ut odio. Rerum rerum quam sint dolores voluptatibus qui voluptatem. Aut velit et sit et delectus iste.','2000-11-07 11:58:10',1),(35,11,6,'Voluptatum quia soluta sequi. Deleniti saepe ipsa explicabo deserunt laborum est. Perferendis animi quam aliquam qui. Quae et ut et enim.','2008-08-19 07:29:38',0),(36,19,84,'Nam quis cum ipsa soluta quis dicta est minus. Quidem amet ipsum aut voluptates. Dolores ducimus fugiat facilis quis velit. Distinctio maxime odit amet eum.','1970-11-08 12:42:51',0),(37,16,16,'Nemo ab et animi quo. Rem dolorum maiores aut at. Occaecati sit est optio qui dolorem culpa neque fuga. Et non sed corrupti exercitationem et eius qui nihil.','1998-11-06 14:05:13',1),(38,1,70,'Qui facilis nihil voluptatibus eius. Deleniti commodi eligendi est eveniet. Tempora aliquid quam qui nihil consequatur unde dolore.','2017-12-20 14:22:04',1),(39,12,84,'Dolorem minima minus reprehenderit. Qui consequatur quam ullam assumenda qui. Rerum similique sunt officiis quos. Sint dolorum voluptates cum veritatis illum et.','1974-06-10 04:57:15',0),(40,16,45,'Qui explicabo nulla voluptatem et fugit totam quod. Culpa ducimus earum doloribus. Velit veritatis dolorem reprehenderit est ut. Qui quod odit excepturi et molestias.','1991-08-21 06:26:58',0);
/*!40000 ALTER TABLE `messages_forums` ENABLE KEYS */;
UNLOCK TABLES;

--
-- Table structure for table `notifications`
--

DROP TABLE IF EXISTS `notifications`;
/*!40101 SET @saved_cs_client     = @@character_set_client */;
/*!50503 SET character_set_client = utf8mb4 */;
CREATE TABLE `notifications` (
  `id` int NOT NULL AUTO_INCREMENT,
  `profiles_id` int NOT NULL,
  `text` text NOT NULL,
  `created_at` datetime NOT NULL DEFAULT CURRENT_TIMESTAMP,
  PRIMARY KEY (`id`),
  KEY `fk_notifications_profiles1_idx` (`profiles_id`),
  CONSTRAINT `fk_notifications_profiles1` FOREIGN KEY (`profiles_id`) REFERENCES `profiles` (`id`)
) ENGINE=InnoDB AUTO_INCREMENT=201 DEFAULT CHARSET=utf8mb4 COLLATE=utf8mb4_0900_ai_ci;
/*!40101 SET character_set_client = @saved_cs_client */;

--
-- Dumping data for table `notifications`
--

LOCK TABLES `notifications` WRITE;
/*!40000 ALTER TABLE `notifications` DISABLE KEYS */;
INSERT INTO `notifications` VALUES (1,51,'Vel et saepe eum eos quod voluptas. Nihil velit repudiandae voluptatem ullam et aut. Occaecati numquam atque officiis officia aspernatur minima.','1984-04-19 23:03:12'),(2,98,'Ad labore amet nesciunt officiis. A doloribus voluptas nobis voluptatem explicabo. Adipisci facere provident quos quibusdam reprehenderit provident sunt.','1991-09-02 17:52:49'),(3,85,'Est quibusdam cumque excepturi velit aut perspiciatis ipsam. Porro at aliquid minima debitis. Magni qui ratione enim. Tempore corrupti modi illum error et.','2013-07-17 19:07:22'),(4,21,'Aut exercitationem voluptate incidunt blanditiis quo. Corporis molestiae omnis autem at et autem magni. Aut omnis sit expedita a quia. Praesentium possimus amet qui porro est nesciunt magni deleniti.','2008-10-24 13:10:09'),(5,15,'Et odio commodi ut sit saepe deleniti. Itaque est molestias distinctio ullam amet ex. Iste qui id fugit expedita ut aut consequatur. Adipisci voluptate excepturi beatae.','1972-12-16 05:37:55'),(6,38,'Aut blanditiis quia excepturi vitae qui. A assumenda repudiandae itaque dolor vel at iusto. Perferendis placeat et et vitae.','2018-03-27 20:22:00'),(7,55,'Ut nostrum enim commodi temporibus omnis. Saepe iure recusandae qui voluptatem nesciunt distinctio facilis. Iusto inventore consequatur est recusandae.','1992-09-18 02:55:45'),(8,93,'Dignissimos ut blanditiis odio ea. Dolores animi est harum dolores consequatur. Autem hic consectetur earum non et expedita aliquid qui. Voluptates nostrum nemo libero vel.','1989-05-26 22:39:48'),(9,81,'Et beatae et autem ipsa quis ut. Enim autem quia dignissimos adipisci. Placeat iure ullam quo omnis.','2009-11-30 06:24:12'),(10,99,'Voluptates non est magnam temporibus libero labore quia aut. Modi sunt a facere et. Facilis debitis odio sit. Harum ipsam laborum rerum fuga. Ipsam sit iste dolorem itaque laudantium magni ex.','1987-04-12 16:57:56'),(11,43,'Autem sequi facilis aut molestiae est cum doloribus sit. Esse eum quis fuga eveniet nam. In voluptatem facilis est voluptatem totam. Accusamus in labore et.','1995-11-12 16:00:25'),(12,49,'Non quis ut quidem maiores nostrum. Inventore amet ducimus aspernatur voluptate. Voluptatem odit animi molestiae ea incidunt.','1975-04-01 23:20:28'),(13,76,'Iure cupiditate eos sed pariatur maiores cumque qui aut. Est nulla tempora quod quia suscipit. Assumenda facilis sint qui.','1985-07-02 01:24:23'),(14,82,'Commodi voluptate beatae et illum. Porro et debitis ab beatae impedit. Quibusdam voluptatem ut dolores quae accusantium eum.','2010-12-20 10:37:59'),(15,11,'Adipisci magni quos quidem aut similique et voluptas. Asperiores et rerum ipsum amet minus qui. Ipsa laudantium similique nulla repellat dolores. Ullam nihil ut occaecati cumque voluptatum.','1970-12-10 20:35:57'),(16,85,'Nisi magni officiis neque unde saepe qui fuga. Et qui reprehenderit praesentium aut error voluptate. Recusandae est nisi est reiciendis quam sit. Neque ea eveniet sit quod quo.','2005-06-25 14:22:19'),(17,25,'Id quasi doloremque qui qui. Nam ullam blanditiis qui alias. Sed fuga saepe enim quaerat rerum. Unde labore occaecati vero consequatur. Vel impedit enim accusamus quo aliquid officiis.','1975-07-27 19:50:23'),(18,3,'Et temporibus accusantium magni mollitia dolores. Ad commodi repudiandae sit aut consequatur reiciendis rerum.','1988-05-25 13:13:30'),(19,17,'Quod qui ipsam dolorum id maiores ut modi. Vel quisquam necessitatibus vero voluptas nihil magni tenetur.','1993-01-30 08:02:26'),(20,70,'Explicabo excepturi perferendis nisi numquam eveniet ipsa ut. Et vel dolore voluptatem maiores provident laborum nisi aspernatur. Deleniti magnam officia molestiae qui tempore accusamus amet.','1985-05-12 10:00:34'),(21,68,'Nemo nam voluptas qui dignissimos. Saepe voluptas distinctio aut. Praesentium exercitationem dolorem ipsam beatae ipsum modi officia. Harum sit optio delectus tempore.','2010-03-31 11:22:11'),(22,50,'Nobis eaque et nesciunt tempora. Laborum voluptatem quo iste rerum et. Aut dolorem quas et saepe est. Voluptates aut sed facilis quasi laboriosam laboriosam veniam.','2020-07-30 05:52:25'),(23,75,'Perspiciatis tenetur ut vel adipisci facilis. Consectetur rerum maxime et vero sed. Ut consequatur praesentium minima voluptates nemo tenetur provident quis.','1980-04-11 14:12:38'),(24,3,'Ex consectetur voluptatem facilis quo et nihil. Rem sapiente provident quae voluptates consequatur qui esse. Consequatur soluta velit iste sed quos temporibus unde. Voluptas ut nulla amet porro eum.','1972-02-12 16:08:33'),(25,1,'Odit vel vitae explicabo qui. Temporibus aut voluptas a laudantium possimus deserunt. Magnam ipsam possimus dolorum incidunt aliquam ut.','2008-06-11 05:45:59'),(26,84,'Fugit provident quae voluptatibus voluptates possimus non velit. Laboriosam optio recusandae sapiente amet vitae corrupti quia. Quae hic amet vel nostrum dicta voluptates.','1975-10-30 02:53:17'),(27,18,'Esse velit commodi hic voluptates. Quo laborum natus temporibus modi illo voluptate atque. Iure voluptatem et ab et harum.','2003-04-23 21:30:58'),(28,93,'Dolores quaerat ad officia. Iusto totam ut iusto. Magnam pariatur eos ad earum consequatur libero.','1992-06-18 00:55:33'),(29,42,'Aspernatur illo hic expedita assumenda non dolores. Harum et temporibus rerum et. Cupiditate quisquam culpa eius fugit officia. Nemo quia eveniet sit velit est amet.','2019-05-21 08:15:53'),(30,40,'In excepturi autem aperiam consequuntur quaerat ut. Quisquam labore ducimus corrupti dolorem. Quos molestiae eius alias pariatur quae et autem.','1983-05-14 22:31:34'),(31,1,'Corporis esse consequatur ab molestiae. Quis aliquid et rerum velit dolore. Tempora autem quibusdam blanditiis fugit atque soluta.','2014-02-06 13:43:42'),(32,93,'Alias ipsa similique sed libero nostrum. Natus culpa eaque cupiditate suscipit eius earum sequi. Quo omnis consectetur pariatur perferendis. Laudantium quia eum reprehenderit aut.','1978-07-12 17:56:28'),(33,38,'In quam magni libero sequi sunt. Sint cupiditate adipisci sit ipsam qui cum. Fugiat aut praesentium similique et.','1978-06-06 18:39:13'),(34,86,'Numquam sequi et tenetur esse porro. Itaque excepturi impedit officia repellendus eius recusandae recusandae. Facere repudiandae consequatur numquam veritatis qui perferendis praesentium.','2000-09-18 05:30:48'),(35,13,'Nisi quia eveniet veniam quibusdam pariatur. Omnis officia ipsam ipsa aut ad natus voluptatem.','1998-01-26 16:43:22'),(36,52,'Quidem laboriosam occaecati esse et. Voluptate dolorem sed recusandae. Et sunt a ut fugit deleniti libero. Et magnam optio doloremque ullam et.','1982-04-04 01:37:07'),(37,24,'Unde eos sapiente ipsam. Cum aut cum alias facilis vel veniam ut. Nisi id numquam ut sequi.','1973-07-15 11:34:43'),(38,67,'Debitis ut quod sit ea error ullam omnis. Veritatis facilis molestias blanditiis voluptas inventore ipsum. Qui cupiditate aspernatur quia nesciunt. Corporis a dicta eveniet in voluptas.','1997-08-02 06:51:28'),(39,44,'Et nobis provident suscipit assumenda illo vero officia. Consequatur eaque sit beatae dolorum reiciendis et sit. Et et voluptatem incidunt et autem.','2008-02-23 23:27:30'),(40,4,'Rerum eveniet eaque vel. Praesentium impedit et ipsa quis. Sapiente placeat corrupti enim voluptatem omnis perspiciatis.','1989-02-24 17:26:02'),(41,65,'Vitae ab at amet. Unde sunt nostrum ducimus qui eum. Rerum omnis sint enim est at.','1972-01-10 21:08:53'),(42,86,'Magni fuga voluptatibus veritatis ut nostrum possimus voluptatem. Dolores nobis cum sed aut non. Sunt minima aliquid vel soluta.','1975-08-24 19:38:13'),(43,53,'Quidem veniam cumque delectus excepturi. Sapiente quia porro perspiciatis dolore. Fuga qui neque ut inventore. Sint officiis quisquam in molestiae architecto et.','1995-09-01 05:17:55'),(44,40,'Blanditiis qui omnis quia exercitationem provident. Ut libero perspiciatis autem laboriosam aut. Consequatur similique eius dignissimos est expedita.','2014-08-09 22:05:37'),(45,68,'Expedita sit debitis occaecati quia. Voluptatum quam illum aspernatur iure blanditiis omnis quia. Qui eaque id quidem necessitatibus nemo. Facilis suscipit rerum veniam ipsum.','1980-05-05 17:37:41'),(46,63,'Sed reiciendis in voluptatem. Veritatis ab cupiditate in. Non atque nobis magni repellendus in minus consectetur.','2012-12-07 17:18:42'),(47,25,'Aperiam natus veritatis minus et consequatur. Quos rerum eum nulla eligendi magni nisi est. Reiciendis porro voluptatum consequatur fugit aut.','1979-10-24 12:41:26'),(48,93,'Qui repellat aliquid esse itaque ut qui sequi. Iure vitae molestias non quo quos rerum molestiae. Dolorem itaque sit fugiat est nesciunt animi nobis.','2001-01-07 19:00:13'),(49,66,'Rerum sit vero enim minus illo recusandae. Et dolore mollitia dicta corrupti. Cum molestiae earum ipsam modi omnis aliquam. Ea fugiat pariatur enim porro.','1977-03-06 20:09:36'),(50,41,'Totam nostrum pariatur quam maxime non. Autem iste dolorem voluptatem ut. Placeat alias vel quam voluptatibus et beatae. Perspiciatis culpa quia omnis cumque blanditiis.','1983-12-31 13:13:14'),(51,62,'Quam blanditiis ut aut inventore in nobis possimus. Sequi dolorum eos eius qui optio. Facere voluptatibus unde asperiores et qui qui. Adipisci nemo provident a molestias cum sapiente vel aut.','1990-02-23 18:00:00'),(52,33,'Est neque quibusdam architecto sit. Modi mollitia et ducimus quisquam. Doloremque corrupti hic sunt exercitationem. Voluptates aut sequi nihil.','1983-02-09 22:30:13'),(53,91,'Assumenda ut quis atque dolorum ullam eum ea. Recusandae ut vel sit sunt. Qui neque ad et adipisci rerum dicta. Similique ab et et consequatur autem provident.','1994-01-18 06:39:14'),(54,37,'Et aperiam et nihil dolorem nobis. Tempora possimus harum assumenda dicta. Qui sed nesciunt incidunt tempora dolor.','1997-09-28 22:49:56'),(55,36,'Voluptatem ea enim incidunt ab cum animi in. Perferendis dolore iusto ratione ipsam velit eum. Beatae sint totam adipisci voluptates labore aliquam nemo.','1974-05-21 07:43:09'),(56,92,'Voluptate dolores sunt esse impedit. Sequi quis atque et qui et et sequi. Dolores ipsam voluptatibus et accusamus odit. In iusto qui autem non velit.','2014-05-07 10:19:20'),(57,20,'Ducimus ipsum quia quae error. Blanditiis quo impedit esse voluptatem. Fuga ut beatae accusantium eos.','1997-04-18 15:52:57'),(58,53,'Eveniet consequatur eos iusto omnis ut ab. Et expedita consectetur perferendis et adipisci cum optio. Incidunt aspernatur totam distinctio repudiandae asperiores provident similique unde.','2008-08-28 05:10:05'),(59,84,'Perferendis sed ex et tempore. Temporibus libero eveniet sapiente. Dolor enim hic quidem earum sit animi molestiae. Corrupti amet vel debitis temporibus vitae et.','1981-06-23 22:36:45'),(60,62,'Possimus non ducimus sint consequatur cum. Repudiandae odio molestiae aut voluptatum quam. Ut quo laborum maiores explicabo neque voluptas eum dolorem.','2018-10-12 09:22:58'),(61,93,'Temporibus cumque ab maxime. Sunt sed architecto fugit omnis perferendis sapiente ut. Numquam et tenetur minus aliquid voluptas.\nMolestiae in incidunt quaerat dolorem. Et corrupti est officiis.','1982-12-20 03:12:01'),(62,85,'Autem aliquid rerum aspernatur et iste libero. Ipsam voluptatem sed dolore quia libero. Rem esse qui ut repellendus fugit amet ut.','1988-03-24 15:04:44'),(63,54,'Architecto voluptatem odio quam non et ad. Totam quia laborum nisi expedita esse sunt. Porro nostrum quae quo sit dolor sapiente iste. Eum labore et veritatis qui.','1973-10-29 18:31:35'),(64,30,'Nisi eum asperiores adipisci rerum. Quis voluptates quam autem odit a sunt. Aliquam tempora officiis minima autem suscipit voluptatibus.','1990-11-01 20:08:10'),(65,70,'Vel occaecati dolorem vitae porro vel. Est saepe ea dolorum nostrum exercitationem ullam. Culpa veritatis alias praesentium voluptatum. Consequatur id distinctio et nisi.','1988-03-25 17:38:23'),(66,66,'Error iure et error deleniti. Id qui delectus ex iure pariatur totam quia. Laboriosam tempora esse eligendi non placeat at in qui.','1986-06-26 09:33:10'),(67,81,'Dolorem ipsa velit consequuntur natus repellat. Et aspernatur sit tempora odio. Aliquam aut eligendi eius velit aut aliquid saepe.','2006-05-08 19:16:44'),(68,93,'Voluptatum est aliquam consequuntur. Eos molestias amet vero et distinctio asperiores ratione. Officia quis ullam modi dolores sed nisi eos. Totam a et ex impedit et voluptatem nam.','1991-01-27 03:30:30'),(69,33,'Cupiditate deleniti qui saepe aut nobis qui. Ducimus et qui nisi. Harum voluptatum eos voluptatum omnis sed dicta soluta. Dolor eum hic explicabo aut voluptatem autem.','1991-04-08 23:03:41'),(70,25,'Et debitis ut sit. Provident rerum in ipsam accusantium. Dolore dolor ducimus aut nihil asperiores suscipit. Et dolor veniam molestias sit aut voluptatem aliquid.','2014-02-01 06:42:53'),(71,97,'Nisi iste saepe incidunt numquam voluptas qui dolor. Voluptas impedit labore eveniet perspiciatis commodi beatae consequatur. Est est dolores quod eum. Exercitationem velit quibusdam est qui sunt et.','2008-12-25 22:11:51'),(72,97,'Voluptas dolor harum earum consectetur sit culpa possimus. Delectus odit reiciendis eaque commodi id. Voluptas eos illum odio iure voluptatem et molestias.','1980-11-13 03:53:19'),(73,11,'Ut blanditiis non optio omnis et harum similique. Quis et repudiandae distinctio. Totam atque quo dolor et reprehenderit. Dolor possimus cum delectus.','1993-05-14 04:41:34'),(74,49,'Praesentium velit consequatur et in a voluptatem. Delectus voluptas veritatis nobis illo repellat. Officiis libero recusandae excepturi quidem. Quia est doloremque corporis qui delectus sint autem.','1994-06-16 17:57:21'),(75,37,'Mollitia officiis maiores eum distinctio voluptas consequuntur ea. In vel suscipit provident nesciunt est maxime. Et perferendis harum optio aut iste.','1973-11-28 21:37:07'),(76,79,'Natus praesentium nihil sapiente autem et vero. Sit occaecati laboriosam accusamus ut et est. Distinctio deserunt modi eaque minus asperiores.','1984-09-28 20:53:33'),(77,12,'Necessitatibus repellendus consequatur omnis iste aut voluptatem. Doloremque accusamus velit ea voluptates quia velit. Ut ullam ex doloribus excepturi et.','1986-06-02 16:54:40'),(78,62,'Aperiam ea laborum totam harum. Magnam placeat est esse corporis. Quibusdam praesentium sint consequatur inventore iusto. Fugiat sed qui sequi porro.','2002-01-02 00:43:16'),(79,71,'Exercitationem hic iure aut rerum. Reiciendis adipisci excepturi itaque necessitatibus. Aut corporis illo aut eligendi. Sit enim veniam eum voluptatem.','1983-09-28 22:51:34'),(80,77,'Ab placeat vero eveniet ad. Porro qui accusamus quia laudantium est. Quis laudantium nihil voluptate ducimus expedita nam.\nMollitia omnis quo quasi. Omnis ducimus autem repudiandae.','1984-05-05 03:35:20'),(81,3,'Necessitatibus doloribus in voluptatem culpa adipisci maxime. Fugiat sunt nihil consectetur quae eos nihil. Ad quas molestias aut ut.','1973-08-30 02:06:56'),(82,33,'Voluptatem numquam ipsam minus similique hic ut. Vitae ut unde aut doloribus non beatae sequi. Quibusdam magni eius in voluptates. A est quod autem rem.','1987-01-25 09:20:20'),(83,10,'Veniam cum molestiae ea quam. Autem illo est praesentium ipsam voluptates ex quia quo. Sunt corrupti recusandae ut exercitationem. Laboriosam enim nesciunt ipsum quibusdam.','1994-12-11 02:55:32'),(84,93,'Veritatis eos voluptatem doloremque explicabo dignissimos tenetur doloribus. Eum tempora velit occaecati quaerat reprehenderit inventore.','1985-01-25 18:11:46'),(85,69,'Vel nesciunt nesciunt placeat ipsam sunt quia occaecati. Nulla est rerum sed iusto ipsam nam qui animi. Sed ea adipisci repellat sit est.','1973-02-12 16:11:44'),(86,45,'Excepturi aut cum consequatur et hic perspiciatis. Ducimus dolores quaerat non tenetur molestiae aspernatur nam aperiam.','2018-09-22 00:25:42'),(87,85,'Molestias consequatur qui nemo ullam perspiciatis. Iusto numquam ut sit consequatur.','1974-02-16 02:03:25'),(88,89,'Quis et at sint consequatur distinctio. Similique tenetur sit cupiditate fuga. Possimus natus culpa aperiam est iusto. Sunt qui quisquam doloribus in et optio.','1982-02-04 11:44:18'),(89,98,'Enim debitis quod et est non accusamus asperiores. Exercitationem sapiente id omnis. Atque expedita sit nemo et. Odit cum dolorum et sint eveniet laboriosam deserunt minima.','1983-03-28 09:25:24'),(90,68,'Dicta quasi harum molestiae eius porro velit ut. Commodi soluta pariatur totam et vero. Nulla corrupti sint non reprehenderit recusandae molestias. Non ut cum laboriosam recusandae earum a.','2006-08-15 14:43:28'),(91,50,'Nemo harum sequi ut. Sint impedit labore necessitatibus dolorum ut aut ex assumenda. Reprehenderit eaque reiciendis exercitationem animi ad.','1976-06-17 02:35:49'),(92,90,'Suscipit officiis voluptas veritatis maxime corrupti. Sint unde est vel laudantium modi aut amet nemo. Voluptatem aut ipsam beatae temporibus.','2000-05-18 11:57:08'),(93,53,'Soluta qui in non rerum necessitatibus. Ut doloremque temporibus adipisci aut incidunt incidunt deserunt fugiat. Optio natus aliquid libero molestiae.','1995-01-08 02:45:02'),(94,4,'Asperiores nemo deserunt et eaque aut. Corporis odio soluta non excepturi non libero. Nemo qui unde aspernatur et quia praesentium. Non commodi ratione fuga quibusdam velit quas quia.','1972-04-12 22:37:15'),(95,20,'Molestiae sit consequatur fuga hic repudiandae. Fugit cupiditate aut ut quam. Alias sed aut sapiente temporibus corporis dignissimos voluptas.','1993-02-26 22:39:37'),(96,22,'Omnis qui vel aliquam temporibus eum iure inventore eos. Molestiae rem quam atque. Omnis architecto dolorum velit sit voluptate iste qui quo.','1974-05-28 11:42:21'),(97,69,'Provident ut officiis earum eum vel labore. Rerum autem et accusantium reiciendis amet eaque qui. Nobis iste est beatae ut exercitationem sequi.','1985-12-11 07:07:14'),(98,1,'Et et doloremque ad. Officiis possimus architecto rem magni quo molestias consequatur. Et at itaque fuga. Ex error consequuntur quaerat id.','1990-10-19 07:27:04'),(99,15,'Qui molestiae voluptas est incidunt. Occaecati porro vel a vero. Quae et expedita excepturi voluptate eum. Ipsa qui eos quo pariatur autem.','1978-01-26 03:55:43'),(100,1,'Perspiciatis dicta aut natus sunt voluptatem consequatur. Facilis perferendis sequi consequatur incidunt nihil laudantium dolor. Rerum consequuntur vero eos.','1986-09-12 23:59:40'),(101,25,'Et quos reiciendis magnam aut. Enim corporis accusantium eaque consequatur exercitationem vel ipsum ratione. Suscipit minima porro explicabo. Necessitatibus quidem velit incidunt aliquid rerum sunt.','1991-05-09 01:10:35'),(102,12,'Sed fugiat libero est ut. Voluptas nesciunt alias vel consectetur. Aut nobis et modi soluta nihil quo omnis. Fugit exercitationem qui id fugit est fugit in. Omnis commodi doloremque exercitationem.','1975-02-09 18:07:01'),(103,98,'Ipsam quia sed accusamus a qui officia et soluta. Qui aliquam aut dolore iste consequatur. Natus reiciendis laudantium eius occaecati.','2004-06-19 03:48:14'),(104,36,'Corporis perferendis aut earum sint praesentium minus dolorum. Illo provident id qui deserunt. Ea non eos sunt natus ut ducimus architecto quam.','1996-10-03 16:22:32'),(105,61,'Et libero mollitia repudiandae ea soluta temporibus praesentium. In omnis necessitatibus voluptas iure eos perspiciatis ea. Inventore aut similique itaque nesciunt.','1989-10-30 19:29:36'),(106,35,'Adipisci aut sed consectetur id autem molestiae veritatis accusamus. Minima iste voluptas explicabo id.','1977-12-10 10:37:28'),(107,14,'Eum voluptas et voluptas et molestias a omnis ut. Deserunt saepe sed iure. Aut vero qui ut vero animi. Qui porro adipisci possimus ut.','1986-12-03 00:06:32'),(108,72,'Eos et dolore assumenda repellendus explicabo. Non omnis qui qui. Tempora voluptatem est totam. Est vel incidunt sed perferendis expedita architecto sit.','2009-11-26 04:53:25'),(109,96,'Placeat voluptatem molestiae quia tempora. Illum placeat iusto excepturi aperiam quas. Tempora quae eaque et voluptates minima.','1995-10-29 16:03:00'),(110,85,'Sint sequi magnam et velit. Nesciunt est quo voluptas voluptates. Eligendi omnis ut illum atque dolor sed magni.','2016-08-24 21:57:50'),(111,49,'Eius aspernatur soluta sunt labore est. Deleniti officiis debitis corporis quae amet. Distinctio autem in aut excepturi necessitatibus sit consectetur. Officiis fuga incidunt minima incidunt id.','1972-11-07 17:52:00'),(112,98,'Optio iure saepe quam veritatis et inventore nesciunt. Tenetur velit maxime quia ut voluptatibus at. Et error non ratione maiores.','2004-01-21 10:53:10'),(113,17,'Quam molestiae quo esse autem. Facere deleniti vel quisquam mollitia. In dignissimos sint similique accusantium quas ut. Impedit impedit sunt excepturi eligendi sequi ad hic.','2014-09-11 09:29:20'),(114,59,'At laborum illum a sit eius. Voluptates atque quia error doloribus optio porro. Delectus officia doloribus laboriosam consequatur mollitia non sit.','1974-09-10 09:28:51'),(115,91,'Ipsum sunt sint consectetur itaque incidunt et. Non blanditiis voluptatem nisi ratione hic occaecati possimus. Eos perferendis cum id qui.','2012-07-16 02:57:31'),(116,86,'Quae molestias veniam velit id suscipit ullam. Non et mollitia molestiae vitae commodi nemo a. Sint a ex consequuntur atque ex. Aut mollitia accusantium aut velit itaque temporibus.','1995-09-28 00:22:17'),(117,3,'Rerum optio facilis sit quo ad dolorem sed. Quam et optio nostrum illo omnis. Facilis ut itaque dolores sequi voluptas.','1995-05-01 20:17:34'),(118,75,'Qui reprehenderit aut debitis ea omnis labore pariatur. Voluptas delectus fugit officia qui sed porro ratione. Doloribus natus minus aut dignissimos. Qui atque ipsum dolor ab.','1990-09-08 07:00:18'),(119,75,'Possimus iste recusandae cumque quam quo laboriosam harum. Eos dolorem totam velit perspiciatis vitae voluptatum exercitationem iure. Quo quo quo aperiam. Ab eius doloremque iste assumenda.','1987-08-28 22:09:35'),(120,1,'Aspernatur corporis omnis sequi ipsum cum voluptas. Nesciunt praesentium sunt nisi ratione est. Sed in porro iusto et.','1986-10-20 19:05:54'),(121,43,'Vitae quo ducimus deleniti ex voluptate. Optio quae quisquam necessitatibus molestiae rerum commodi. Ratione quisquam pariatur amet eum sunt. Veniam itaque tempora esse dolor harum labore ducimus.','1972-09-21 19:59:21'),(122,24,'Eligendi est et eum eum. Est et facere quis aut quis dicta. Vero id qui rerum dolore sequi ullam.','1999-09-28 19:15:20'),(123,91,'Optio ut deserunt quasi. Ex est temporibus quis et et. Eum voluptatibus culpa consequatur rerum. Dicta voluptates inventore reiciendis non quam repellat.','2011-02-11 10:33:18'),(124,95,'Vel et eveniet consequatur et perspiciatis numquam hic voluptatem. Rem optio dolores consequatur amet nam aut cum. Tenetur ex fugit hic ipsum at est et quasi.','1994-11-22 03:12:51'),(125,28,'Repellat sit nemo officia aut est quisquam. Veniam omnis aliquam sapiente porro natus sed itaque. Deleniti in accusantium ullam sed qui. Pariatur aperiam cumque quasi dolor.','2008-06-12 16:48:17'),(126,10,'Est voluptatibus eius officiis rerum nemo. Est dolor aut dolorem. Ab neque provident quas beatae velit. Blanditiis odit voluptates cupiditate accusamus non earum fugiat.','1999-12-29 07:14:37'),(127,17,'Culpa omnis autem commodi ut optio eveniet voluptatum. Voluptas nostrum natus totam accusantium. Dolor est et labore fuga dicta error.','1992-05-14 21:34:05'),(128,97,'Id voluptates ratione nobis corporis maiores sint. Qui eveniet sapiente autem. Quasi quasi eligendi voluptas atque sit. Sit in dolorem est accusamus velit ut.','2017-05-19 11:51:23'),(129,11,'Laudantium quia sunt quos id laudantium. Quo perspiciatis modi sapiente adipisci quia laborum praesentium. At praesentium voluptatibus alias architecto inventore.','2006-10-23 13:07:40'),(130,32,'Ullam ut tenetur repellendus numquam. Expedita corrupti modi ullam ipsum est. Perferendis quod earum alias est ad similique et consequatur.','2000-08-21 16:09:05'),(131,98,'Ipsum voluptatem aliquam facilis occaecati omnis. Est temporibus reprehenderit itaque cupiditate. Aliquam velit voluptatum tempore error perferendis. Corrupti quia quod sunt corporis.','1979-08-05 23:30:48'),(132,35,'Consequatur odio ut quidem. Et omnis libero neque beatae quia laboriosam velit. Et similique provident incidunt est illum et.','2007-11-02 00:26:52'),(133,43,'Eaque ullam sit dolores magni. Dignissimos beatae cumque maxime dolor amet iure cumque. Ex quaerat neque eum nam. Ullam consequatur rerum ea voluptatum architecto explicabo.','2015-09-14 01:17:32'),(134,95,'Impedit quia sed maxime eaque qui. Velit ut voluptas nesciunt voluptas non qui eos. Cum id ea quis magni.','2001-03-05 14:12:10'),(135,70,'Quis consectetur perspiciatis voluptatem dolores. Recusandae ut voluptatem similique earum. Possimus placeat illo consequatur at rerum non aperiam.','1991-04-18 23:27:37'),(136,3,'Dolor illo culpa fugit. Aut repellat in alias vero iste rerum. Eius voluptas aliquid est consequatur aut unde. Omnis et animi dolor. Corrupti explicabo quo et magnam rerum adipisci et.','2017-11-29 12:18:38'),(137,30,'Delectus natus qui minima qui. Doloremque molestias ut nostrum qui est.','2013-01-13 04:36:30'),(138,84,'Voluptatum suscipit impedit cumque dicta velit est laudantium. Praesentium repudiandae totam ut et quia. Quae impedit ipsa qui quaerat dolores eos ab laborum. Qui ut fugit sint dolorem at natus.','2015-03-07 16:30:15'),(139,75,'Delectus nostrum suscipit omnis ut voluptatem sit est. Cumque a voluptatum aut placeat veritatis quia minima. Odio perferendis quam quos a. Voluptatum laborum fugiat assumenda corporis.','1992-10-17 03:07:59'),(140,25,'Tempore fugiat non ipsum. Sequi et voluptatem quos voluptatem nam ut. Quaerat ex at in porro voluptas. Et quia sint eos quae non id quibusdam eligendi.','2002-02-22 10:39:13'),(141,68,'Quibusdam vel quibusdam sit maxime dolores omnis accusantium. Et reiciendis voluptatem quae quisquam sapiente nemo. Sit eum et esse numquam ad. Doloribus ad et pariatur vel dolor ea et perspiciatis.','2012-04-01 13:35:05'),(142,24,'Vel at harum eos. Aut consequatur quod praesentium vel. Magnam ullam saepe pariatur odio et. Tempora dolores facere dolores id velit.','2015-03-18 13:29:19'),(143,23,'Aspernatur qui repellat illo doloribus. Suscipit nemo soluta exercitationem dolore error. Repellat accusamus provident quaerat quod quo. Soluta sint perferendis rem deleniti voluptatem odio a.','2001-08-04 21:13:10'),(144,85,'Sed quia quidem quisquam eos expedita hic. Aliquid ducimus nemo quo et omnis dolor quia. Voluptas quis illo at ut nostrum.','2012-09-26 04:23:44'),(145,82,'Velit quis dolorem vero aspernatur. Vel officiis excepturi quibusdam itaque facere sed. Voluptatem maxime sit sint laborum. Enim ut ut esse soluta ut corporis dolorum.','1982-02-06 17:34:16'),(146,13,'Id commodi sunt sapiente sequi omnis quod. Iusto ut repellendus facilis blanditiis quis.','1972-04-06 04:22:27'),(147,70,'Et illo ut facilis recusandae culpa voluptate. Quo ut quod sit rerum est architecto aliquam. Expedita earum et id.','2001-04-18 20:09:51'),(148,85,'Repellat nemo repellat tempora est. Aut et omnis et.','2015-09-28 08:21:38'),(149,88,'Sed consequatur sed voluptatem. Amet eligendi voluptas pariatur aut facere accusamus sed.\nAut at cumque beatae maxime vel. Rerum autem ipsa voluptates modi est. Quibusdam iure dolor ut voluptas.','1994-10-04 06:44:03'),(150,44,'Rerum iusto praesentium sunt harum. Dolore quis doloremque vitae ipsa praesentium et. Non facilis ullam sit odit. Itaque enim sapiente est similique magnam id at rerum.','1971-11-05 22:58:48'),(151,85,'Optio libero dolor voluptatum et illo non. Nihil quia eius mollitia autem necessitatibus ipsam dolorem. Ratione eos ea cum et quo.','1996-02-15 06:06:31'),(152,30,'Nostrum culpa corporis ut voluptas. Molestiae est sit omnis nisi neque porro consequatur. Consequatur laboriosam consequatur praesentium quis debitis. Facilis iure eveniet modi.','2005-05-26 12:51:52'),(153,68,'Odit expedita ut nisi consequuntur id cupiditate. Animi ipsum a fugiat. Modi aliquam tempora excepturi iure dolorem. Quasi facere pariatur consequatur id id provident maxime maxime.','2014-11-04 03:23:38'),(154,76,'Ut dolor autem excepturi aut soluta. Corrupti amet iste beatae eius rerum beatae a vitae. Molestias non sit et exercitationem perferendis pariatur doloremque.','1975-02-19 04:53:28'),(155,24,'Voluptatem veritatis voluptatem eos quaerat aut. Dolores ea sit soluta sunt nam aspernatur velit harum. Et porro dignissimos nemo odio. Distinctio voluptas iusto velit possimus non.','1982-08-31 17:40:47'),(156,95,'Cumque architecto et molestiae ad ipsum architecto impedit. Inventore sit amet natus vel magnam voluptate dolores. Sunt nisi ut eligendi ipsum atque placeat sequi.','2018-11-11 04:03:12'),(157,86,'Quibusdam eaque explicabo aut saepe. Animi quia dolore dolore voluptate. Consequatur enim et ut nesciunt illum corrupti.','1980-09-20 17:46:01'),(158,41,'Quisquam voluptatem rerum iste fugit velit consequatur incidunt consequatur. Vero est perspiciatis deleniti et autem. Aut vero quisquam similique et dolor iste commodi minima.','2002-08-14 00:43:10'),(159,91,'Quia quas facilis saepe dignissimos inventore alias. Harum aperiam voluptatum numquam exercitationem unde. Saepe accusamus expedita eum magnam voluptas. Blanditiis sed doloribus nisi iste.','2010-12-15 11:15:49'),(160,96,'Dolorem libero eligendi dolorem. Veniam non incidunt placeat voluptatem. Molestiae doloribus magnam tenetur labore mollitia. Et sed delectus soluta dicta.','2019-08-14 21:32:37'),(161,72,'Ut veritatis aut accusantium assumenda enim. Velit quia et consequatur sit ea maiores ut et. Voluptatum doloribus porro sed minus.','2015-02-21 03:58:40'),(162,89,'Et in voluptas perspiciatis quia recusandae. Voluptate necessitatibus alias nisi ut nihil blanditiis voluptatibus quas. Dolor odit et quasi accusantium. Voluptatem temporibus pariatur alias error.','1991-12-15 20:03:03'),(163,30,'Magni rerum incidunt dolorem autem error vel hic. Ipsa nulla sed consequatur ut quisquam est natus ut. Et laboriosam pariatur in excepturi. Occaecati quis aut saepe quisquam.','2011-03-22 22:11:57'),(164,15,'Totam quo quidem eos. Eveniet nostrum mollitia eos consequatur necessitatibus consequuntur. Veniam asperiores nisi natus explicabo incidunt et.','1999-10-16 05:16:08'),(165,83,'Nisi temporibus distinctio qui et voluptas mollitia odio. Quia sunt voluptates corporis perferendis recusandae.','1974-03-26 15:08:04'),(166,100,'Est possimus illum officia nihil eligendi quia id odio. Voluptatem rerum et est adipisci possimus ut veniam. Iste distinctio sint corporis voluptatem qui. Odio esse consequatur qui.','1983-08-04 15:19:08'),(167,18,'Nostrum ut est veniam officia. Quidem minima minima consequatur reiciendis ut non. Tenetur occaecati eum vitae consequatur.','2003-12-22 09:43:37'),(168,12,'Et assumenda qui voluptate aut omnis qui modi dolor. Beatae nesciunt maiores odit ut sed. Quam error consectetur et vel alias ut quisquam.','2016-02-18 06:25:44'),(169,84,'Iusto et non non unde corporis voluptatibus temporibus. Rerum commodi et dolores aut expedita et tempore. Sit et quae recusandae corporis voluptatem suscipit laboriosam.','2009-02-04 02:22:37'),(170,92,'Dolor hic sit ut voluptas ut nihil earum. Laudantium repellat asperiores cum quo incidunt facilis velit. Cum voluptate qui itaque et dolorem soluta.','2017-09-25 06:31:39'),(171,37,'Vel illum aliquam sequi ut minima. Ea enim eveniet et accusantium ratione officia laudantium.','1970-03-31 20:25:51'),(172,51,'Veritatis perspiciatis sunt qui provident necessitatibus illum. Quo aut hic alias quis. Eos fugiat sequi dolores consequatur et ullam nesciunt. Recusandae ea nihil nihil amet velit nihil vel.','1970-06-13 14:08:10'),(173,16,'Vel voluptates consequatur omnis. Earum ad nisi autem culpa non sit at. Praesentium veritatis deleniti sit voluptatum earum.','1974-01-20 13:47:17'),(174,59,'Voluptatem eos laudantium iste ex voluptates. Corporis aliquam et expedita maiores deleniti doloremque.','2003-03-08 14:13:17'),(175,35,'Ipsum repellat quo minus impedit impedit. Quo id doloribus voluptate qui et consequatur sed. Libero corporis aut sed.','1984-04-12 03:01:40'),(176,97,'Sit accusantium blanditiis nihil mollitia at consequatur eum. Voluptatem sequi veniam voluptatem rerum nobis. Mollitia ad quia illum culpa nam quasi.','2009-07-03 06:16:58'),(177,72,'Ut esse vel qui eaque omnis. Quis quidem et nemo deleniti est cumque. Ut atque possimus sequi quo labore incidunt inventore.','2006-06-07 20:30:22'),(178,5,'Rerum quia quaerat est eligendi saepe. Enim voluptas aut adipisci. Consectetur autem quasi est et sapiente commodi harum consequatur. Hic et est vitae accusantium omnis vel quidem quibusdam.','2004-02-27 16:12:57'),(179,82,'Sit temporibus quia ullam ea impedit repellat. Quos aliquam recusandae aut distinctio autem vitae repudiandae. Omnis sed dolores praesentium illum dolores. Suscipit nihil iure sed recusandae maiores.','1986-03-29 23:26:30'),(180,59,'Mollitia qui aut quibusdam. Eaque sunt consequatur sed consequatur sint ut. Neque non sequi vel non.','2005-06-25 19:01:23'),(181,48,'Ex libero pariatur cupiditate sunt doloribus velit in. Eaque eligendi suscipit aut numquam. Omnis error at nam ea magnam. Molestiae est consequuntur repudiandae ratione veritatis aliquid saepe.','2012-02-27 22:11:29'),(182,66,'Adipisci blanditiis et qui tempore. Laudantium reprehenderit possimus deserunt architecto dolor atque magnam eos. Laborum quo voluptas voluptatibus qui porro non.','1980-10-14 08:42:07'),(183,88,'Quis eligendi ex vel nostrum voluptatem. Quae sit et pariatur qui harum illum. Illum fugiat et eius possimus eos. Ipsa sunt commodi a vitae minus.','2002-05-28 23:36:20'),(184,16,'Libero dolores illum quae sapiente. Non nihil sequi ad repellendus. Qui ea delectus velit illum consequatur. Maiores voluptate ad nostrum est ullam.','1985-01-31 18:17:01'),(185,42,'Odit non ab illo tempore. Minus dicta architecto odit ut. Consequatur ea explicabo occaecati.','1994-02-13 11:01:06'),(186,12,'Ratione amet aliquam laboriosam ut. Ut magni amet mollitia qui quis. Libero impedit amet et qui dolor dolorem.','2010-06-01 05:22:55'),(187,10,'Officia quia sint vel perferendis fugiat distinctio. Nam est doloremque ut enim eum velit. Sed placeat ex labore cupiditate accusantium a aut. Ex aliquid corporis odit rem quia possimus.','1988-11-27 23:43:41'),(188,27,'Alias reiciendis necessitatibus eveniet voluptatibus voluptates sunt. Sint quos qui esse enim quas. Accusantium quas molestias beatae nostrum. Ea et et consequatur minus.','1979-02-26 23:50:24'),(189,52,'Cumque repellat quas veritatis molestiae at. Reiciendis ut impedit voluptatum quos. Nostrum distinctio ut hic voluptatum. Voluptatem consequuntur adipisci praesentium.','1975-01-19 00:15:17'),(190,1,'Laboriosam vel suscipit asperiores pariatur. Et molestiae exercitationem ut enim qui iusto fuga. Quisquam est et aut. Nam repellat unde et fuga temporibus rerum in. Cupiditate sed ut recusandae in.','1985-10-04 16:08:05'),(191,22,'Voluptates dolores odio excepturi quidem aut blanditiis ad vel. Quisquam deserunt omnis vitae ipsam et libero voluptatem repellat. Eum enim consectetur dolorum.','1985-03-13 19:18:15'),(192,24,'Soluta qui sint cumque in temporibus numquam tempora. Ullam aut est quis at. Eligendi dolore sed non veritatis inventore aut. Voluptatem dolor in minus cumque.','2003-11-14 06:01:22'),(193,89,'Temporibus quia quia id est sunt voluptas voluptatem. Hic id officia sunt perferendis hic. Aut iure sed voluptatem ut commodi.','1987-11-18 23:40:23'),(194,52,'Rerum optio ipsa ratione recusandae tenetur ipsum assumenda dolor. Voluptatibus laudantium qui reprehenderit. Consequatur earum est est eligendi reiciendis quaerat.','1992-04-13 01:09:25'),(195,38,'Quod quasi et nihil perspiciatis laborum saepe dolore excepturi. Accusantium non ut et vel aut sunt. Unde quasi culpa voluptas porro eos corporis.','2015-04-13 19:23:14'),(196,72,'Quo rem illum et et. Soluta non sit aperiam et ipsum.','1982-06-07 10:08:02'),(197,52,'Molestiae sit quae doloribus. Et et quidem dolorem omnis.','2008-07-22 15:58:46'),(198,55,'Eveniet temporibus consequatur quae quis autem ad dicta incidunt. Et esse porro rerum amet consequatur.','1980-10-15 13:40:16'),(199,84,'Quo id ex nemo numquam qui odio enim. Voluptas nihil quia eaque cumque quidem rem est. Et odit voluptatum et ut.','2003-06-18 09:29:40'),(200,35,'Quia cumque non ratione beatae. Placeat perferendis est blanditiis dolorem autem in consequuntur. Atque voluptatum dolorem aperiam repellendus et necessitatibus quos.','2009-04-22 04:29:12');
/*!40000 ALTER TABLE `notifications` ENABLE KEYS */;
UNLOCK TABLES;

--
-- Temporary view structure for view `payment_on_courses`
--

DROP TABLE IF EXISTS `payment_on_courses`;
/*!50001 DROP VIEW IF EXISTS `payment_on_courses`*/;
SET @saved_cs_client     = @@character_set_client;
/*!50503 SET character_set_client = utf8mb4 */;
/*!50001 CREATE VIEW `payment_on_courses` AS SELECT 
 1 AS `user_name`,
 1 AS `user_surname`,
 1 AS `payed`,
 1 AS `name_of_course`*/;
SET character_set_client = @saved_cs_client;

--
-- Table structure for table `payments`
--

DROP TABLE IF EXISTS `payments`;
/*!40101 SET @saved_cs_client     = @@character_set_client */;
/*!50503 SET character_set_client = utf8mb4 */;
CREATE TABLE `payments` (
  `id` int NOT NULL AUTO_INCREMENT,
  `profiles_id` int NOT NULL,
  `courses_id` int NOT NULL,
  `summ_payment` decimal(9,2) NOT NULL,
  `remain_payment` decimal(9,2) DEFAULT NULL,
  PRIMARY KEY (`id`),
  KEY `fk_payments_profiles1_idx` (`profiles_id`),
  KEY `fk_payments_courses1_idx` (`courses_id`),
  CONSTRAINT `fk_payments_courses1` FOREIGN KEY (`courses_id`) REFERENCES `courses` (`id`),
  CONSTRAINT `fk_payments_profiles1` FOREIGN KEY (`profiles_id`) REFERENCES `profiles` (`id`)
) ENGINE=InnoDB AUTO_INCREMENT=101 DEFAULT CHARSET=utf8mb4 COLLATE=utf8mb4_0900_ai_ci;
/*!40101 SET character_set_client = @saved_cs_client */;

--
-- Dumping data for table `payments`
--

LOCK TABLES `payments` WRITE;
/*!40000 ALTER TABLE `payments` DISABLE KEYS */;
INSERT INTO `payments` VALUES (1,58,32,48683.00,78088.00),(2,38,10,108229.00,72885.00),(3,61,47,75637.00,120066.00),(4,13,2,86918.00,39118.00),(5,92,6,168589.00,134229.00),(6,14,26,56967.00,71215.00),(7,48,3,38877.00,65891.00),(8,14,50,151988.00,149774.00),(9,30,46,168199.00,67513.00),(10,73,50,163791.00,84733.00),(11,43,5,121215.00,6070.00),(12,13,22,122416.00,109797.00),(13,96,3,94268.00,22976.00),(14,74,43,166980.00,37010.00),(15,7,20,44159.00,103587.00),(16,27,33,126622.00,25089.00),(17,4,33,131539.00,17536.00),(18,84,32,98050.00,122861.00),(19,58,49,58599.00,6992.00),(20,67,25,36451.00,127873.00),(21,9,41,32359.00,37243.00),(22,100,29,28833.00,120727.00),(23,86,7,72910.00,114403.00),(24,57,8,103631.00,104040.00),(25,3,15,71398.00,38891.00),(26,15,23,88793.00,128675.00),(27,37,14,117597.00,14643.00),(28,89,17,57386.00,95736.00),(29,32,32,151466.00,35852.00),(30,17,20,87069.00,101905.00),(31,2,22,20830.00,57793.00),(32,3,3,95870.00,47091.00),(33,8,44,124732.00,134145.00),(34,69,33,136220.00,118088.00),(35,83,18,80395.00,123698.00),(36,14,46,31780.00,58748.00),(37,17,7,137762.00,33256.00),(38,48,1,95954.00,65953.00),(39,25,2,104894.00,147472.00),(40,18,14,26953.00,143862.00),(41,33,17,107033.00,96955.00),(42,73,35,151893.00,11384.00),(43,60,31,157679.00,110000.00),(44,2,46,46163.00,21079.00),(45,24,9,166191.00,2313.00),(46,29,13,84954.00,80027.00),(47,61,16,143557.00,102301.00),(48,30,34,72496.00,47367.00),(49,18,49,135822.00,30222.00),(50,33,50,157565.00,39775.00),(51,34,23,149989.00,10540.00),(52,91,25,29276.00,104861.00),(53,58,19,115826.00,58909.00),(54,52,41,79803.00,119791.00),(55,42,35,112198.00,53934.00),(56,10,37,66735.00,135881.00),(57,1,41,149643.00,33005.00),(58,43,30,29486.00,27750.00),(59,43,22,157156.00,117620.00),(60,51,33,31161.00,132253.00),(61,62,40,22784.00,133894.00),(62,91,12,70666.00,139798.00),(63,11,11,66114.00,56330.00),(64,91,14,31220.00,20349.00),(65,18,12,107179.00,19433.00),(66,27,26,69961.00,9919.00),(67,69,9,59140.00,17488.00),(68,1,13,159149.00,73263.00),(69,56,26,56876.00,69491.00),(70,8,49,110111.00,105271.00),(71,21,9,27741.00,68048.00),(72,71,11,21167.00,94221.00),(73,99,7,101139.00,46083.00),(74,81,21,125373.00,84412.00),(75,58,16,41147.00,101082.00),(76,7,10,119578.00,134200.00),(77,11,49,30571.00,3774.00),(78,41,11,168860.00,56832.00),(79,18,16,136229.00,15655.00),(80,49,18,29505.00,87018.00),(81,54,38,112447.00,139676.00),(82,87,11,93764.00,87132.00),(83,93,44,167912.00,137231.00),(84,48,24,49251.00,133462.00),(85,39,28,66886.00,103857.00),(86,45,30,96883.00,96774.00),(87,72,8,154795.00,83786.00),(88,81,35,87979.00,72979.00),(89,28,31,56441.00,34526.00),(90,11,43,144765.00,28955.00),(91,93,9,146884.00,64108.00),(92,4,2,31246.00,65621.00),(93,15,23,156744.00,32650.00),(94,25,16,130750.00,77206.00),(95,76,37,31686.00,109806.00),(96,67,15,153862.00,60035.00),(97,48,27,144027.00,24820.00),(98,51,21,26870.00,52694.00),(99,39,49,79984.00,119257.00),(100,88,39,159696.00,134972.00);
/*!40000 ALTER TABLE `payments` ENABLE KEYS */;
UNLOCK TABLES;

--
-- Table structure for table `practical_works`
--

DROP TABLE IF EXISTS `practical_works`;
/*!40101 SET @saved_cs_client     = @@character_set_client */;
/*!50503 SET character_set_client = utf8mb4 */;
CREATE TABLE `practical_works` (
  `id` int NOT NULL AUTO_INCREMENT,
  `lessons_id` int NOT NULL,
  `text` text NOT NULL,
  `material` text,
  `created_at` datetime NOT NULL DEFAULT CURRENT_TIMESTAMP,
  `updated_at` datetime NOT NULL DEFAULT CURRENT_TIMESTAMP ON UPDATE CURRENT_TIMESTAMP,
  PRIMARY KEY (`id`),
  KEY `fk_practical_work_lessons1_idx` (`lessons_id`),
  CONSTRAINT `fk_practical_work_lessons1` FOREIGN KEY (`lessons_id`) REFERENCES `lessons` (`id`)
) ENGINE=InnoDB AUTO_INCREMENT=101 DEFAULT CHARSET=utf8mb4 COLLATE=utf8mb4_0900_ai_ci;
/*!40101 SET character_set_client = @saved_cs_client */;

--
-- Dumping data for table `practical_works`
--

LOCK TABLES `practical_works` WRITE;
/*!40000 ALTER TABLE `practical_works` DISABLE KEYS */;
INSERT INTO `practical_works` VALUES (1,36,'Nam exercitationem natus aut nobis mollitia. Nobis omnis quia earum similique. Facilis velit earum in culpa. Mollitia error tenetur modi voluptates animi.','Esse ut aliquam rerum error. Nulla repudiandae nemo quos repellat distinctio reiciendis. Dolorem similique in consequatur aut.','2015-07-13 20:13:00','1975-05-31 15:19:25'),(2,94,'Aspernatur commodi nemo impedit soluta. Doloremque soluta quia rerum earum suscipit. Esse et eius ullam aut. Et accusamus sit nihil debitis.','Qui qui eligendi quae eum. Nostrum voluptatem fuga numquam odio et est. Illo quis similique vero sapiente est. Deleniti quo omnis eveniet.','1981-12-14 15:09:20','1975-04-06 09:49:49'),(3,94,'Animi provident est dolore magni officia sint amet. Totam repudiandae sed nam officia dicta veniam.','Aut soluta deserunt omnis enim explicabo. Ipsam qui minima possimus ullam corrupti. Dolore numquam at rerum nihil quasi ut ipsam.','1976-07-19 05:58:08','1983-01-19 20:44:20'),(4,28,'Quo sed dolorum sapiente nihil. Aut laudantium iste aut voluptatem aliquam temporibus magnam rerum. Unde sed qui velit enim sit asperiores nostrum.','Ad ea animi mollitia. Perspiciatis nulla ipsum dolorum accusantium quibusdam dolor. Dolorum impedit commodi impedit ipsum in dolore.','2002-09-09 22:39:54','2013-12-29 00:39:47'),(5,84,'Et rerum accusantium nam fuga. Dignissimos occaecati voluptatem saepe. Dicta aut et et. Voluptatem quos maxime enim nesciunt quis consequatur.','Quo fugiat ullam est sed aut. Nesciunt aut possimus eius consectetur expedita voluptas. Consequatur pariatur quos praesentium officia ut rerum assumenda. Quo et recusandae odit quo dolores corporis.','2012-04-12 22:16:49','2019-07-14 19:00:18'),(6,60,'Exercitationem est similique eos. Ipsam et eaque praesentium qui aut aut eveniet. Impedit possimus ipsum voluptates facere rem.','Et quis fugiat non fugiat aut et esse. Aut totam molestiae laudantium ipsam illum at ut. Velit dolor voluptas quaerat labore enim unde excepturi aut.','2002-05-17 20:40:26','2019-11-12 04:54:15'),(7,96,'Reprehenderit et quibusdam deserunt quia. Quaerat consectetur provident voluptatibus consequuntur. Fugiat aut libero ab animi eos deleniti officiis.','Et aspernatur qui fugiat nihil. Repellendus eaque numquam qui illo sapiente. Quia expedita facere aut nihil.','1975-05-12 18:44:07','1987-03-02 19:14:05'),(8,64,'Deserunt culpa at quibusdam commodi. Eveniet amet adipisci earum mollitia. Quo optio ut repellendus eveniet at sunt in est.','Voluptatem iste quaerat vitae ut quisquam veritatis eum. Amet aut repudiandae necessitatibus totam. Occaecati sed nemo aut dolorem. Dolore consequatur sit dolore pariatur rem.','1972-03-17 09:10:08','1984-09-26 17:32:41'),(9,99,'Quas corporis praesentium aperiam in doloremque voluptatem. Non quisquam quaerat saepe non assumenda. Voluptate ea facilis nihil sapiente reiciendis nihil in.','Perferendis omnis consectetur nisi sed quasi eos facilis. Explicabo suscipit ea quia rerum. Et omnis vero esse voluptas voluptas.','2006-06-18 14:35:03','2019-06-30 08:50:54'),(10,86,'Magni dolores doloribus sint ab odio adipisci. Praesentium totam impedit et eius. Doloribus autem ab esse impedit rerum. Delectus voluptates veritatis velit in est laboriosam perferendis dolorum.','Vitae adipisci labore distinctio ut voluptas voluptatum omnis vero. Velit sapiente sunt nulla odit quia voluptas quas. Qui quo omnis eos earum dolorum.','2000-01-27 13:33:40','2003-08-10 13:44:59'),(11,99,'Dicta sunt provident eos quia aperiam officiis omnis et. Non cum recusandae sed veritatis nesciunt. Atque animi blanditiis vel dolorem id quia dolorem.','Reprehenderit ipsa reiciendis voluptatem temporibus aperiam. Ad voluptatum ut vitae qui tenetur aspernatur suscipit. Suscipit qui suscipit quo eum. Et deserunt ea blanditiis et voluptatem.','1985-05-20 06:06:23','1972-04-28 10:46:46'),(12,75,'Est quasi iure quisquam aut magni. Ipsa impedit quia placeat qui incidunt omnis fugit.','Quia esse illum molestiae. Debitis nostrum vitae cum praesentium eum aut.','2012-04-22 15:32:29','1976-03-20 04:27:15'),(13,75,'Voluptates perferendis minus id quae voluptatibus. Id et facilis amet qui laborum. Illo omnis tempore dolorem ut accusamus.','Qui repellat debitis veniam et ut placeat perferendis consectetur. Et totam qui fuga beatae distinctio. Voluptatibus est et non tempora dolorum aut nihil totam.','1999-09-25 02:58:01','1993-06-18 02:45:02'),(14,63,'Dolor voluptas debitis voluptas maiores error veritatis est. Dolor id velit sunt corporis perferendis. Saepe officiis cupiditate debitis cumque voluptatum.','Officiis architecto eos commodi quo tempora soluta. Cum fugiat quod rem velit dignissimos. Vero quia sed ullam enim aut sint rerum. Dolores itaque rerum perferendis impedit voluptate.','1993-04-07 17:44:33','1998-07-25 12:13:07'),(15,66,'Assumenda similique soluta sed molestiae qui. Et officia adipisci eos consequatur minus. Distinctio non et aperiam.','Ipsum iure delectus aspernatur est aut. Quisquam ut necessitatibus non ut. Soluta repudiandae ut earum provident excepturi.','1977-11-18 09:32:49','1988-07-24 18:56:09'),(16,20,'At dicta nihil totam saepe. Laborum molestias asperiores excepturi quo dolorem ad. Doloremque illum veritatis quidem quo quidem sint. Dicta voluptas iste nostrum in.','Magnam et quae reprehenderit magni molestias reiciendis. In nam soluta soluta non quia. Iusto nihil consequatur quibusdam.','1970-12-07 04:54:04','1991-02-16 23:35:12'),(17,84,'Libero eos adipisci ut blanditiis rerum. Deserunt omnis sint aut ducimus exercitationem hic sunt natus. Eos quas assumenda nulla earum sint voluptas. Voluptatem nihil deleniti ut natus eveniet.','Molestiae unde quo autem quibusdam culpa nesciunt. Et et sequi modi quos. Et qui eveniet ut repellat qui.\nConsequatur nihil rem libero architecto neque itaque iure. Doloremque quidem sunt nihil enim.','1985-07-25 11:26:46','2020-10-07 15:32:27'),(18,28,'Suscipit consequatur aut eaque nam. Porro deleniti et ad consequuntur. Dolor quia ut numquam beatae est eum quam aliquam. Quaerat non fugit corrupti sapiente voluptas quis aut.','Sint asperiores quasi et quae rerum ratione unde. Commodi error eligendi accusamus laudantium. Eveniet ut fugit sed sed in doloremque labore.','1983-08-26 10:21:18','2003-05-25 02:44:07'),(19,76,'Rerum vitae sapiente optio aut dignissimos ut a. Qui eum dolores repellat enim accusantium consequuntur. Molestiae et minima autem ullam. Voluptatum sed omnis commodi architecto.','Odit nihil numquam debitis porro mollitia. Quis dolor quia officiis qui et adipisci asperiores. Maxime occaecati qui enim ut libero.','2000-03-23 23:14:18','1997-02-11 23:31:17'),(20,22,'Ut aspernatur beatae iure ea praesentium. Ex nostrum dolor ut itaque. Harum et itaque cumque. Doloremque facilis nihil nam iste.','Temporibus quia voluptas nulla delectus aspernatur et. Quia ducimus tempora maiores ipsum. Excepturi a minus ipsa quia animi accusamus eius. Pariatur dolor omnis reiciendis repudiandae saepe.','2008-12-10 04:39:20','1975-05-26 19:08:38'),(21,11,'Voluptatem porro sed doloribus error reiciendis. Voluptatibus minus cumque animi error corporis officia. Illum et odio eligendi eius deleniti eaque.','Nulla soluta magnam rerum. Enim perspiciatis similique ab eligendi.','1991-06-09 16:34:16','2005-05-28 04:10:01'),(22,54,'Doloribus quis qui quia occaecati eos cupiditate unde. Adipisci facere nisi amet et adipisci eum. Qui sint ab et quos maxime voluptas culpa et.','Enim eveniet tempore doloribus ut voluptatem tempore numquam nihil. Consequatur cum saepe reprehenderit officia ullam quidem.','2000-09-28 06:24:53','2020-10-13 11:14:43'),(23,59,'Velit minus molestiae sapiente voluptas explicabo. Dolor aut velit debitis id ut at nesciunt voluptatem.','Distinctio debitis quibusdam veniam optio quia laboriosam. Corrupti adipisci sed voluptates esse similique. Necessitatibus rem occaecati sit est.','1999-11-06 16:07:23','1988-08-19 22:12:45'),(24,37,'Sequi in omnis velit. Ipsum eligendi deserunt tempore temporibus et. Eos voluptates id sapiente dolorem accusantium dolorum qui.','Excepturi esse in quos laboriosam facilis ducimus sit. Quas eum est expedita inventore facere ut quia. Quibusdam illum culpa eos itaque. Sint illum et aut ipsam aut illum voluptatem.','1975-09-04 07:45:21','1972-01-29 11:10:16'),(25,16,'Aut reiciendis earum ut nihil quia voluptas et. In et et veniam modi. Quod voluptas suscipit eius ipsam. Repudiandae aut velit sit facilis.','Possimus quae fugit laboriosam dicta ut quis laboriosam. Cumque natus vero tenetur aut perspiciatis sequi.','1973-06-03 05:20:22','1978-08-02 07:34:05'),(26,46,'Maxime dolores ea aspernatur at atque corporis. Voluptatibus nulla quia ipsam pariatur. Et nihil omnis voluptatem adipisci minus molestiae reiciendis enim.','Assumenda error est inventore quibusdam. Itaque maxime accusamus eveniet architecto iste iste. Quaerat consequatur ratione est illo eveniet. Odio corporis velit porro harum.','1977-03-16 05:51:22','1973-02-10 13:49:00'),(27,19,'Ratione maxime odit temporibus aut quo quia autem eos. Eligendi est tenetur nostrum excepturi sunt dicta.','Consequatur odit error doloremque vel. Ipsa nemo id voluptas reiciendis dolores. Eligendi est maiores nostrum praesentium eligendi qui. Est et quis iure velit ullam omnis.','2020-07-01 15:58:28','2015-12-30 05:47:07'),(28,63,'Quia doloremque alias et reprehenderit ab reprehenderit. Nam voluptatibus rem eos quia. Modi incidunt tempora corporis dolorem sequi explicabo quos.','Quo vitae error nam vel. Accusamus aut sint porro repellendus doloremque velit. Et aspernatur in aut aut repudiandae.','2011-05-24 02:23:33','2015-07-09 20:05:07'),(29,2,'Voluptatem magni eos quia non. Nostrum explicabo repellat perspiciatis laborum ducimus repellat corporis. Nesciunt eligendi consequuntur eaque aut aut rerum velit rerum. Qui est et est nihil sed et.','Aut nemo consequatur autem ex corporis. Esse recusandae illo doloribus corrupti. Velit dolorum culpa consequatur eos minima perspiciatis ea.','1982-07-19 20:25:14','1974-12-28 15:07:25'),(30,69,'Aut similique atque et atque aperiam aut. Perferendis culpa aliquid debitis at maxime voluptas. Non iusto cumque quia voluptas.\nDolor ut quaerat fugiat et. Et maiores illum quo ullam.','Voluptatem porro debitis esse harum quo. Quisquam et est ea libero laborum. Sapiente est ex qui consequatur. Sit beatae quia et.','2000-12-03 19:15:23','1982-10-30 15:07:08'),(31,79,'Consequatur velit numquam quia quaerat voluptatem distinctio autem. Dolores cumque cum quo sunt ut voluptates qui. Doloribus maiores reprehenderit ea vero nobis autem.','Mollitia reiciendis voluptas eligendi consequatur. Quasi consectetur consequatur molestias iste ab et quibusdam. Ut hic et fuga accusamus omnis laborum amet. Expedita qui asperiores quos dignissimos.','1990-12-11 01:36:49','2000-04-14 17:57:58'),(32,37,'Dicta quis possimus adipisci voluptas. Voluptatem laboriosam nobis modi aut. Est occaecati quisquam ut aut autem iste. Pariatur totam rerum nihil.','Ut laudantium aperiam omnis ut cupiditate sit eaque. Vel eos voluptas quibusdam praesentium ut ex. Voluptas qui explicabo quaerat voluptas ut corrupti voluptate.','2015-04-23 18:15:37','1976-02-24 11:46:59'),(33,63,'Quos beatae laudantium dolores. Asperiores voluptatum voluptatibus dignissimos eveniet. Officiis sunt optio ipsam non dignissimos id explicabo. Sint et quibusdam accusantium sint.','Dolores possimus sapiente saepe aut voluptatem eaque. Omnis provident nihil et ut qui. Qui et porro perferendis qui.','1999-12-24 17:12:36','2000-02-06 08:39:29'),(34,72,'Deleniti autem rerum qui harum aut. Voluptate id iste nihil est. Molestias et error iusto blanditiis.\nIllo voluptas corporis quia rem alias vero aut rem. Officiis et et alias qui.','Aliquid et corporis sed optio totam. Aut aut consequatur molestiae ut voluptas et qui. Amet sed dolor corrupti cupiditate tempora omnis mollitia architecto.','1990-07-10 15:56:33','1980-06-06 12:35:32'),(35,64,'Est qui repudiandae dignissimos et omnis. Corporis natus quisquam expedita sunt. Harum saepe voluptas et non et recusandae. Doloremque debitis eos qui quasi et nobis ea.','Recusandae autem amet magnam aliquid quo vel optio voluptas. Quisquam porro pariatur omnis excepturi est et. Non dolor quia omnis occaecati dolores. Iure rem non nemo inventore quia autem.','1994-10-31 11:27:57','1976-03-23 22:11:13'),(36,47,'Aut laborum aliquam provident hic. Asperiores aut consequatur non impedit fuga illum consectetur. Earum doloremque enim est numquam cumque ab consectetur. Voluptas saepe nulla assumenda dolores.','Velit minima ut magni esse est veritatis enim. Asperiores in et assumenda ullam adipisci eum iure.','1992-07-12 08:55:11','2011-08-22 22:07:10'),(37,31,'Aperiam dolore dolor hic quis in. Quo non commodi eum dolor. Eos illo dolorem ipsa voluptatem eveniet. Culpa repudiandae itaque repudiandae aut delectus dolore.','Quam aliquam vel labore exercitationem. Quo quam temporibus est voluptatem. Dolorum molestiae eligendi unde qui quae incidunt. Ipsa quidem maiores nesciunt quos dolorem.','1991-12-18 14:33:36','1984-07-08 05:44:01'),(38,60,'Nostrum et accusamus quod repellendus alias repellat et. Placeat et dolorem autem id ex odit. Alias harum et eum dolorum.','Voluptates aut similique fuga delectus est. Dolor quibusdam fugiat facere laudantium. Enim eaque deleniti quisquam nihil consequatur.','1976-12-09 07:51:55','2009-09-08 21:48:30'),(39,10,'Voluptatibus omnis mollitia incidunt et voluptate. Velit quidem sed unde possimus quasi eum ut architecto. Voluptates ut quod ut optio esse ut ut. Perspiciatis sed reprehenderit et ut.','Et id quibusdam et non. Culpa iste qui vel ab rerum doloremque voluptatem. Voluptate enim aut laboriosam et. Quia occaecati quo accusantium voluptatem id quia.','2006-03-10 03:29:09','1985-04-07 14:38:27'),(40,30,'Perspiciatis cumque et ut mollitia provident numquam. Consequatur excepturi nemo animi ad doloremque. Natus laudantium iusto velit laboriosam explicabo autem.','Ratione neque laborum aut optio alias quos voluptatem. Possimus aut eius molestiae numquam. Et voluptatum similique dolor tempore nulla rerum totam.','1991-04-19 04:26:47','2015-03-31 22:55:47'),(41,46,'Ut assumenda est praesentium consequatur cumque minus et quas. Beatae omnis quasi quisquam quod. Corrupti amet nihil aut explicabo. Fuga amet ipsa alias rerum repellat.','Id suscipit ea qui in dignissimos. Fugit hic rerum ratione totam et quam. Unde sit fugit qui et dolor. Unde voluptatem repellendus dolore incidunt omnis et non. Quibusdam itaque et quia est.','2016-04-08 04:26:47','2007-07-19 00:09:12'),(42,9,'Praesentium impedit alias nulla esse. Cumque dolor quae minus aliquam delectus et. Ut ad molestiae corporis iure facere.','Nemo autem tempore aut nobis vero. Voluptatibus minima quidem et fuga non ut ipsum. Nisi quam ea totam et eum voluptatem placeat.','1987-04-10 19:15:26','2012-08-24 02:22:21'),(43,5,'Laboriosam voluptatem accusantium esse non. Reprehenderit impedit velit debitis praesentium. Quia quos assumenda vero delectus.','Ut magni blanditiis et atque expedita quibusdam. Id veritatis est enim voluptatibus exercitationem corporis.','1970-10-09 02:35:29','1975-08-13 19:12:05'),(44,21,'Repellendus nulla voluptatem fugit molestiae veniam aut. Quibusdam sed laborum omnis ducimus officiis illum voluptatem. Ut voluptates qui dicta velit voluptate et ut.','Quibusdam quas minima et ullam voluptas et. Quasi rerum deserunt soluta nesciunt et sunt suscipit. Quos ad hic sed veniam nihil eius possimus quaerat. Quia eos eum sapiente adipisci odio quod.','1983-10-07 17:29:58','1982-04-14 20:34:38'),(45,71,'Repellendus consectetur autem impedit explicabo fugiat impedit quis omnis. Ut voluptas eos quisquam omnis corrupti fugiat hic. Voluptatem hic libero voluptate.','Voluptates id at odio pariatur tempore quia. Id consectetur qui modi. Sequi repellat quia qui repellendus. Et distinctio quibusdam fuga minus.','1974-06-11 02:44:02','1995-07-18 20:37:39'),(46,71,'Sit saepe ad et aut in id. Voluptas provident autem cum earum ducimus iusto. Ut veniam saepe ut. Eligendi soluta eum et ullam.','Nemo laudantium asperiores hic praesentium. Iure quibusdam suscipit sit et est hic nisi porro.','1980-09-11 11:43:12','2017-09-13 08:51:41'),(47,41,'Numquam voluptatem aperiam atque quidem culpa. Similique quasi nihil nulla tempora impedit et. Alias alias qui maiores dolore magnam. Placeat sit quis et dicta.','Adipisci similique ut sint ut facilis veniam. Dolorum corporis id ut est.\nMolestiae unde maiores officiis. Aut totam cumque numquam exercitationem deserunt. Nemo eveniet voluptas et.','1985-11-08 18:58:30','1970-03-06 08:54:52'),(48,55,'Consequatur ex unde dolores ullam ratione. Et omnis aut voluptatem quod aut nemo architecto cum. Voluptatibus aspernatur eaque amet sit repudiandae eos rerum.','Occaecati voluptates sed eos assumenda. Rerum ut iusto aut.','1972-07-31 21:26:29','1978-01-29 20:32:16'),(49,98,'Aut tempora placeat quo minus praesentium est fuga. Quis nam atque suscipit. Minima et at odio ducimus eum occaecati. Ab qui aut iusto facere voluptas voluptas dolorem.','Molestiae blanditiis ducimus numquam architecto dignissimos. Voluptate possimus ad eum vero dignissimos fugiat. Ea dolores voluptate esse. Sint quia deleniti aut consequuntur.','1993-04-03 02:39:17','2006-04-23 14:01:15'),(50,16,'Cum aperiam rerum qui magni cupiditate ipsa. Aut sit corrupti necessitatibus voluptas. Culpa ullam repellendus rerum dolor.','Modi eum architecto reprehenderit esse. Laboriosam voluptatem aspernatur omnis modi dolores architecto ipsam. Magnam eos suscipit placeat placeat. Quos provident vel assumenda exercitationem atque.','1992-12-29 04:29:15','1979-06-17 20:49:44'),(51,77,'Repudiandae voluptatibus eveniet explicabo vel. Unde illum qui exercitationem fugiat. Quisquam facilis aut at iste est et.','Vel non officia et animi. Qui illum eos et aperiam nulla voluptate. Aut velit exercitationem voluptatem et cum a.','1970-01-04 10:51:15','1979-11-03 21:21:26'),(52,8,'Et ut quasi et officiis dicta. Odit minima deleniti a. Debitis totam qui quos et fugiat.','Eius dignissimos placeat consequatur ut molestiae ipsum libero. Suscipit beatae qui sed nulla totam. Qui dolores sed ea est voluptatem rerum.','1975-10-01 12:17:58','2010-11-29 08:28:21'),(53,70,'Beatae voluptatum ducimus expedita tenetur dignissimos. Ut officiis aut quia adipisci quam ea ut. Aut aut atque facere occaecati.','Ea praesentium in et officiis. Quis architecto ut aliquid. Vel qui quis pariatur quis totam ex. Magni totam beatae fugit aut.','2013-09-19 18:49:21','2012-04-03 07:55:35'),(54,36,'Consequuntur consequatur dolorem atque necessitatibus iusto. Pariatur facilis omnis est aut facere.','Fugiat quibusdam aut eum sunt sunt quo. Cum occaecati tempore aliquam illum et. Fugiat quos dignissimos minus dolor laborum et.','1986-10-12 22:36:04','2003-12-07 10:46:32'),(55,45,'Dolores dolorem similique in omnis porro. Ut modi similique dolor aperiam non consectetur.\nEius nihil atque rerum nihil dolor. Quia consequatur a error est saepe. Officiis eum quisquam sit.','Qui eveniet aspernatur distinctio porro unde asperiores. Magnam temporibus vel aut aperiam. Aliquid quo esse dignissimos ullam et sunt aliquam.','1971-03-03 21:56:16','2008-10-07 05:49:54'),(56,86,'Et a modi voluptatem quas sed quia hic. Velit incidunt corrupti ea molestias omnis occaecati animi. Aut iure hic eius labore. Eos qui aut ea et quisquam porro reprehenderit.','Non in quod hic. Suscipit illum ea id fuga sed. Placeat hic sunt ex quasi et expedita. Enim at fuga consequatur ad.','1984-04-13 10:57:16','1979-09-03 23:18:06'),(57,81,'Consequatur ut dolor repellendus et quo. Quia distinctio repellat illum qui nisi. Quo nihil incidunt error.\nVelit delectus nobis magni ipsam. Dolorum expedita aut est quo modi repudiandae sed.','Eveniet quo eaque eum aut. Animi consequatur harum est consequatur error et. Molestiae inventore sequi dolorem omnis molestias eum. Est autem deserunt libero dolor.','1988-01-12 00:01:00','1999-08-18 23:02:12'),(58,63,'Vitae ab inventore distinctio ea quo a sit. Dolor repudiandae provident explicabo rerum non ut id. Quis rerum facilis dolor et et et. Aliquam eius eum similique et et optio assumenda.','Repellendus aut maiores in voluptas qui. Veritatis dolorem ipsum earum dolores eligendi. Enim itaque quos neque ratione totam possimus porro.','2006-09-06 09:39:17','2005-01-11 05:31:54'),(59,48,'Sed vero aut consequatur consequatur iure. Doloremque rerum nam et facere eos rerum vel. Et id consequatur quis consectetur omnis harum.','Vero sequi dicta labore ratione et distinctio. Et recusandae repellendus eos sint pariatur quia. Distinctio praesentium facilis voluptatem cum. Temporibus quas eos cumque ut.','1980-01-04 02:32:36','2001-12-23 12:06:18'),(60,82,'Et ut aliquid esse repellendus deleniti harum voluptate. Minus perspiciatis consequatur repellendus voluptatem. Aut temporibus praesentium voluptas et esse.','Ex officia ea voluptas aliquam harum aut nostrum. Occaecati quam sed blanditiis velit animi. Ut et qui autem aut expedita. Cumque non ratione ratione repellendus qui qui officiis.','1974-09-02 06:59:28','2005-12-17 14:06:26'),(61,32,'Quasi ratione ea nihil qui explicabo molestiae velit. Voluptas sapiente et omnis enim. Deleniti dolorem optio qui ipsum aut sint. Aperiam hic fugiat dolore et debitis eum aut aliquid.','Quo iste recusandae et. Nihil rerum fugiat quo deserunt debitis. Ab dolor est pariatur quibusdam quod consectetur architecto. Error consequatur doloremque est ea similique illum minima.','2018-12-12 14:19:45','1982-02-07 02:15:08'),(62,27,'Ea quaerat est quidem sint temporibus. Sit recusandae unde maxime maxime sint. Tempora eos illum et maxime dolorem nemo.','Perferendis ea alias iusto eum. Praesentium eaque ad enim. Veniam suscipit omnis vel eum sit. Aut similique odit molestiae assumenda fugiat ipsa quos.','1995-12-07 02:12:07','1982-12-23 14:00:53'),(63,18,'Dolor sed enim aut explicabo magnam et. Laudantium tempora quia facere quibusdam explicabo praesentium est aspernatur. Quae non ad est officia molestias debitis.','Adipisci libero consequatur architecto eius. Vero autem quia molestias reiciendis. Ut sunt distinctio excepturi. Fugit et nostrum quo molestias officiis. Eum blanditiis vitae dolores occaecati.','1981-03-31 14:43:13','1997-06-07 00:55:03'),(64,95,'Est nostrum perspiciatis ut error veniam nihil voluptas. Impedit occaecati ipsam ea error repellendus quos. Dolore doloremque consequuntur sit maiores dolorum minus consequatur nihil.','Consequatur facere ipsam illo voluptas blanditiis. Deserunt nihil doloremque dicta ea nesciunt.','2013-05-23 15:54:36','1992-08-25 01:31:35'),(65,98,'Eos qui odit tempora necessitatibus aperiam. Iste eum dolore hic necessitatibus. Consequatur sequi consequatur placeat repellat debitis recusandae. Et facilis perferendis quisquam blanditiis.','Aut ab debitis similique perferendis suscipit. Maiores maiores atque aut nihil ea. Repudiandae ipsa aliquam dolor voluptas. Odio ea ea consequuntur quod officia eos.','1989-07-25 04:13:20','2000-11-10 13:15:52'),(66,82,'Et expedita quaerat quia labore et eaque nisi. Eius quod et ab doloribus dolores non odio.\nEt velit vero dolorem voluptatem ducimus. Ut id exercitationem dolores maiores.','Quia blanditiis et et. Nisi reprehenderit qui quae neque. Perferendis repellendus exercitationem fuga laborum minima.','2002-02-01 14:08:34','2004-11-16 12:42:37'),(67,41,'Officiis maxime ipsa tempora dolor nihil a quae facere. Iste nisi vel eius culpa consequatur et quidem sed.','Ea quasi aspernatur a velit. Numquam enim facere corrupti quia sint ut.','2004-03-27 17:30:48','2016-01-04 16:01:08'),(68,29,'Amet nihil velit maxime laborum soluta et. Qui magnam vel et. Et veniam placeat perferendis eaque. Cum nemo dolores assumenda ut recusandae dolorum libero.','Amet modi aut voluptate. Eius commodi harum esse ut doloremque. Itaque nobis qui nostrum. Suscipit quaerat ea minus maiores velit et labore perspiciatis.','2006-09-15 04:01:03','2017-02-06 20:46:45'),(69,42,'Quos vitae qui sed non officia enim. Ut quo et quo quis id nihil.\nSit veritatis et voluptas sit soluta. Alias qui animi quidem sed pariatur. Voluptatem hic accusantium soluta enim.','Sed sint in dolorum eos necessitatibus. Autem molestiae itaque tempore neque ad consequuntur est. Error vitae quia est voluptatem deserunt minima porro. Culpa cumque rerum fuga consequatur minima.','1973-04-06 03:46:07','2008-09-03 19:02:13'),(70,50,'Eum beatae dolores et quo animi dolore repellat et. Non non quidem itaque magni laboriosam quia ut. Dolor nihil aliquam fugit harum sed maxime. Vel quisquam dolore dolorem qui corrupti enim error.','Iusto libero cupiditate corporis rerum. Odit voluptas earum exercitationem est eaque maxime. Repellendus qui quia non. Excepturi quasi consequatur ipsum inventore fuga sunt et.','1974-01-18 14:54:44','1991-09-16 19:54:03'),(71,59,'Consequatur voluptatem doloremque repellendus ut exercitationem aut minus. Quibusdam at quasi reiciendis. Sint vel et inventore dolorum ut.','Veritatis fugiat aut fuga tempore consequuntur optio. Facere quo quis debitis esse iure dolores autem.','1979-04-06 03:24:03','1970-09-20 01:48:32'),(72,87,'Quia sed voluptas aut. Commodi blanditiis eius accusantium perspiciatis. Totam non labore quod. Veritatis voluptatem omnis fugiat veritatis.','Itaque laborum accusantium quia provident modi libero. Voluptates et soluta sunt aut rem consectetur. Tempore quo expedita a. Et doloribus sapiente quod dolor est.','2013-09-17 02:46:35','1986-12-17 19:53:51'),(73,58,'Enim aut officiis ut. Consequatur et et consequuntur quidem a et dicta. Autem animi autem nam. Reprehenderit harum iure explicabo. Praesentium itaque aspernatur et.','Et corrupti voluptate officiis error sed ipsa sed. Eos nesciunt aliquid et ullam vel sapiente ratione. Ea deleniti autem iure unde autem quam autem. Voluptas molestias dolor vitae earum eius.','1978-09-02 02:48:36','2019-04-04 00:52:33'),(74,63,'Amet vero quia quis ut. Est omnis consequatur quia consequatur. Fugiat ex alias eos omnis.','Laboriosam beatae officia doloribus natus accusamus saepe qui. Facilis rerum id ut laborum. Fugit voluptatem quaerat similique. Est rem temporibus similique quaerat nam.','1991-10-18 20:38:44','2013-09-06 20:46:36'),(75,8,'Minima ut consequatur sunt quasi voluptatum. Ut soluta non minima aut repellendus. Dolores possimus sed dicta sunt rerum dolor.','Non consequatur dolor qui commodi odio non nemo. Eveniet distinctio voluptate commodi eius. Aliquid expedita incidunt et id laboriosam quaerat.','1973-07-23 11:53:10','2006-08-21 00:58:41'),(76,29,'Veritatis vero laborum sit harum autem quas ea. Est qui veniam tenetur voluptatibus quis aut non. Eveniet omnis aut in harum quaerat officia quas.','Magnam aliquam quae quod cum voluptatem numquam. Nesciunt repellendus vel recusandae consequatur. Ea voluptatum dolore eos corporis ea autem et. Enim dolorem debitis molestiae labore expedita sequi.','2016-04-11 21:25:23','2020-03-18 14:26:10'),(77,33,'Consequuntur blanditiis rerum id quae et reiciendis atque. Similique asperiores eum vitae repudiandae nostrum nihil voluptatem. Eaque nam omnis ipsam dolores deleniti nulla.','Qui qui voluptatibus at numquam placeat possimus. Aliquam amet voluptatem ratione ut.','1990-07-15 02:41:03','1989-07-22 10:20:15'),(78,48,'Repellat voluptatum excepturi qui sit. Nihil numquam tempore rerum corrupti dicta deleniti tempore. Tempora saepe quisquam deserunt aut blanditiis ipsa et.','Tempore commodi non labore repudiandae. Itaque possimus et accusamus fugiat aut ut consectetur. Minima sunt ut rerum incidunt nesciunt.','2011-04-08 03:20:12','1999-06-25 18:03:32'),(79,83,'Vel odio quas pariatur inventore quae consequatur quam adipisci. Similique sed quos nam. Vitae tenetur debitis et laborum. Et dolorem voluptatem minus sed velit.','Nihil rerum explicabo quia. Fugit et veritatis fugit nesciunt dicta voluptatum aperiam.','2011-01-03 12:45:08','2015-11-19 05:33:39'),(80,31,'Sit et et cupiditate eum. Qui facere voluptatem at cupiditate. Perspiciatis reprehenderit aut eaque voluptatem qui repudiandae. Consequuntur qui qui ea possimus sunt.','Aut provident quae ducimus voluptas minus sunt nam sed. Architecto atque soluta explicabo reprehenderit nam commodi aut. Quos consequuntur iste nihil reiciendis nihil qui.','1999-12-03 16:02:12','1981-08-26 20:52:40'),(81,64,'Consequatur alias corrupti accusamus earum id minus blanditiis. Sequi soluta hic nam eum. Corrupti unde ea necessitatibus cumque.','Et velit in et fugit aut saepe quis. Nihil fuga libero nesciunt unde. Recusandae non voluptate ut dignissimos. Aut porro hic dolores eius et suscipit eos.','2006-01-22 07:29:22','1981-03-21 06:57:53'),(82,60,'Sed quos debitis eligendi corporis alias quam eveniet. Qui sed occaecati non omnis harum. Minima veniam quis vel facilis dolores qui.','Cum omnis odio enim. Suscipit dignissimos est occaecati enim. In et qui ad dolores.','1976-07-14 09:36:18','1999-01-08 08:37:17'),(83,39,'Molestiae ut aut delectus hic delectus sequi ex. Rem omnis molestiae repellat voluptatum. Ut laborum reiciendis quis aliquid et et sit.','Labore odit et tenetur praesentium tempore. Sapiente vel aut cumque sequi minima odit et. Excepturi quo iste nihil dolores aut ut earum.','2005-03-27 17:48:05','1991-12-15 01:21:15'),(84,34,'Mollitia qui dicta illo recusandae reiciendis. Harum pariatur sit magnam inventore voluptatibus. Magnam ut ad non voluptatem qui qui voluptatem unde.','Temporibus incidunt illum magnam voluptatem. Iste aut eaque eius itaque. Et fugit consequatur recusandae ab debitis et in adipisci. Et ut fuga eos id distinctio earum sunt.','2013-07-06 05:26:02','2011-10-26 09:03:36'),(85,95,'Illo vel maiores neque vel. Quo quibusdam nihil corporis. Ut occaecati porro non dolor ea sint ut magni. Ea provident consequatur nostrum aliquid.','Quisquam ut ut occaecati odit et officia sunt. Molestiae alias et qui ad distinctio quas. Inventore distinctio occaecati quia.','1985-05-23 12:18:43','1988-01-16 20:22:54'),(86,83,'Dolor omnis ratione id ut eveniet. Vero ut cumque voluptatum facilis in dolorem. Officia nihil consequatur dolores ab fugiat. Odio sunt incidunt velit eligendi exercitationem doloremque molestiae.','Laudantium corrupti et et dicta qui minima qui. Sapiente et est nam in voluptas distinctio. In exercitationem libero magnam distinctio qui.','1980-09-30 22:18:05','2003-07-23 20:49:41'),(87,19,'Necessitatibus omnis aperiam ut omnis. Velit blanditiis nulla nemo quia et eligendi non. Deserunt officia laboriosam molestiae quam. Accusamus aut ipsam ut rerum dolores dolor.','Ut et sit fugiat est possimus provident voluptatem. Voluptates dolore suscipit atque minima. Et nobis qui ullam sapiente quia at. Est dolorum quas odit id dolor.','1988-09-12 09:53:06','2020-10-01 12:19:40'),(88,75,'Molestiae ab nesciunt vitae itaque. Facere eum saepe fugiat illum sed. Tempora placeat sunt ut cumque harum qui qui.','Dolores quia numquam dolorem voluptates. Maxime modi molestias eius aspernatur et et repudiandae. Amet sapiente et sunt pariatur vel omnis. Esse est ullam quia.','2016-06-17 17:14:23','2001-08-30 01:34:33'),(89,46,'Nihil nihil ut accusantium fugit ad soluta. Voluptatem pariatur molestiae ab reiciendis. Officia a est ut voluptatem nam placeat blanditiis. Accusamus reprehenderit labore consequatur.','Iure iste aspernatur aut totam. Cupiditate quia provident praesentium. Aut quas perspiciatis fuga enim non et iure. Ut sint unde ducimus.','1979-05-14 12:54:56','1986-12-13 22:50:27'),(90,67,'Est tenetur quibusdam nemo corrupti quos nisi. Quos aut earum odit a fuga. Molestias numquam non molestias nobis id culpa. Tempore error ipsum corrupti molestias odit omnis.','Et asperiores magni tempora illum. Vitae et sint dolor harum. Deleniti quod placeat eaque consectetur nisi officiis.','1984-08-30 11:24:16','2004-05-07 00:33:29'),(91,56,'Ad dolores dolores repudiandae nihil. Doloremque consequatur possimus non nemo consequatur assumenda. Aliquid dolor eum accusamus architecto quia pariatur.','Sequi nobis neque ducimus ut magnam nostrum corrupti. Quis consequatur molestiae sequi sed molestiae. Ut eos animi qui quam.\nUt eius animi minus aut. Neque eum ipsa veniam dolor.','2003-05-10 08:35:15','1983-05-13 12:50:01'),(92,77,'Consequatur error debitis placeat sequi. Et quod pariatur distinctio nulla voluptatem iure voluptatem rerum. Voluptas quis nulla ut incidunt quae fuga harum voluptates.','Beatae omnis ipsa sunt libero similique. Aut corporis officiis aspernatur qui. Quaerat in animi repudiandae qui. Harum consequatur ullam itaque facilis nulla.','1975-06-26 21:55:20','2012-07-27 21:03:05'),(93,93,'Eius reiciendis ad eos omnis. Voluptatum libero asperiores non aliquam quo. Voluptatem et optio quidem sint.','Temporibus error ducimus adipisci. Qui animi eum et. Et expedita minus animi iusto ullam dolorum.','1997-12-01 18:04:09','2002-12-22 18:25:43'),(94,74,'Et vel eveniet quisquam at vel neque. Enim aut officia suscipit voluptas magnam quia voluptate.','Minima explicabo enim et consequatur qui. Nesciunt quibusdam perspiciatis qui aut unde aliquam. Maiores debitis consequatur recusandae occaecati quos. Fugiat non impedit odio consequatur sed hic non.','2000-08-14 20:19:37','1988-04-10 06:59:27'),(95,71,'Tenetur eum tempore iste laborum sint harum totam. Delectus sunt cumque qui tempora nihil perspiciatis. Nobis impedit sit ducimus asperiores dolore necessitatibus.','Ducimus est harum cupiditate maxime corrupti corporis laboriosam. Omnis quidem earum ducimus quidem. Culpa quod rerum reprehenderit beatae. Enim eos vel architecto nisi.','1982-05-18 02:35:52','2012-08-14 01:11:32'),(96,91,'Et est saepe debitis. Expedita sit ducimus sed. Illo odit ut qui fugiat iste nihil. Qui non qui omnis officiis.','Porro molestiae dolores quia nam. Eum atque at nemo ut. Aliquid natus rerum velit quaerat voluptate.','1983-07-04 07:09:06','2005-01-02 22:38:46'),(97,55,'Natus exercitationem reiciendis est corrupti ut. Quis voluptatem excepturi eaque qui quia. Autem voluptatem quia nihil quisquam.','Voluptatem molestias perspiciatis quo non eos ut. Quo esse quibusdam quo dignissimos doloremque. Quo voluptas veniam cumque maxime est dolorem culpa voluptatum.','1991-01-08 22:52:02','1973-07-01 08:50:35'),(98,12,'Et amet sit suscipit culpa atque sit voluptatem. Excepturi tempora non libero libero nisi ut.','Consequatur ipsam sunt modi cum magni quam at. Nihil inventore impedit ipsum. Sit veniam illo quam odit consequatur et velit. Autem nam perferendis perferendis maxime eveniet fugiat dolorem.','1970-12-28 15:28:46','2005-12-16 06:53:00'),(99,19,'Quod mollitia suscipit repellendus deleniti. Nostrum quae quia voluptates accusantium. Hic autem perspiciatis molestiae harum.\nAtque hic quo ut libero. Incidunt soluta quas adipisci et aut officia.','Eum et sequi mollitia vel explicabo. Quaerat eos expedita sunt earum. Numquam eos voluptatem quia fugiat ea aut illum.','2000-03-10 09:39:11','1971-09-13 00:39:30'),(100,97,'Placeat hic voluptas provident perspiciatis. Omnis qui sed maiores voluptate sunt. Officia cum sit laborum maxime.','Mollitia quia aliquid et ut. Accusamus voluptatem ullam suscipit ducimus eligendi. Aut ex voluptates velit sint. Eveniet illum accusamus maiores dolor.','1992-08-21 23:13:32','1983-11-10 06:51:06');
/*!40000 ALTER TABLE `practical_works` ENABLE KEYS */;
UNLOCK TABLES;

--
-- Table structure for table `practice_mark`
--

DROP TABLE IF EXISTS `practice_mark`;
/*!40101 SET @saved_cs_client     = @@character_set_client */;
/*!50503 SET character_set_client = utf8mb4 */;
CREATE TABLE `practice_mark` (
  `practical_works_id` int NOT NULL,
  `mark` tinyint(1) NOT NULL,
  KEY `fk_practice_mark_practical_works1_idx` (`practical_works_id`),
  CONSTRAINT `fk_practice_mark_practical_works1` FOREIGN KEY (`practical_works_id`) REFERENCES `practical_works` (`id`)
) ENGINE=InnoDB DEFAULT CHARSET=utf8mb4 COLLATE=utf8mb4_0900_ai_ci;
/*!40101 SET character_set_client = @saved_cs_client */;

--
-- Dumping data for table `practice_mark`
--

LOCK TABLES `practice_mark` WRITE;
/*!40000 ALTER TABLE `practice_mark` DISABLE KEYS */;
INSERT INTO `practice_mark` VALUES (1,2),(2,4),(3,5),(4,4),(5,5),(6,5);
/*!40000 ALTER TABLE `practice_mark` ENABLE KEYS */;
UNLOCK TABLES;

--
-- Table structure for table `profiles`
--

DROP TABLE IF EXISTS `profiles`;
/*!40101 SET @saved_cs_client     = @@character_set_client */;
/*!50503 SET character_set_client = utf8mb4 */;
CREATE TABLE `profiles` (
  `id` int NOT NULL AUTO_INCREMENT,
  `name` varchar(245) NOT NULL,
  `surname` varchar(245) NOT NULL,
  `location` decimal(9,6) NOT NULL,
  `add_info` text,
  `interests` text,
  `target` varchar(245) DEFAULT NULL,
  `index` tinyint(1) NOT NULL DEFAULT '0',
  `created_at` datetime NOT NULL DEFAULT CURRENT_TIMESTAMP,
  `updated_at` datetime NOT NULL DEFAULT CURRENT_TIMESTAMP ON UPDATE CURRENT_TIMESTAMP,
  PRIMARY KEY (`id`)
) ENGINE=InnoDB AUTO_INCREMENT=101 DEFAULT CHARSET=utf8mb4 COLLATE=utf8mb4_0900_ai_ci;
/*!40101 SET character_set_client = @saved_cs_client */;

--
-- Dumping data for table `profiles`
--

LOCK TABLES `profiles` WRITE;
/*!40000 ALTER TABLE `profiles` DISABLE KEYS */;
INSERT INTO `profiles` VALUES (1,'officiis','culpa',333.000000,'Dolorem sit suscipit et enim. Quia non recusandae velit aliquam rerum aut esse.','doloremque','expedita',2,'2013-09-16 21:28:33','2000-10-03 08:41:14'),(2,'pariatur','earum',802.000000,'Quam omnis totam corporis aperiam quis natus. Eos nihil odit ea rerum. Qui sit perspiciatis aut perferendis est maiores velit praesentium. Cum harum cum recusandae cum aspernatur.','occaecati','nihil',0,'1998-10-27 17:43:32','2013-01-13 10:27:09'),(3,'accusantium','dolorem',128.000000,'Nihil qui odit ipsa officia iure enim optio veniam. Dolores dolore eos ut reprehenderit illo recusandae. Molestias atque consequatur ipsum rerum fuga voluptatem.','aut','ut',2,'1973-04-14 09:07:59','1980-04-10 21:59:50'),(4,'non','tempora',999.999999,'Quibusdam accusamus dolor accusantium modi quo eos. Qui esse animi omnis culpa molestias saepe. Nulla fuga voluptatibus vero doloremque natus et.','vitae','tempore',2,'1984-12-16 13:16:24','1972-11-15 01:11:41'),(5,'veritatis','excepturi',999.999999,'Aut consequatur nulla corporis ut quam error enim. Consequatur quis porro vero enim nobis.','nihil','et',0,'2008-05-06 05:21:41','1975-07-27 23:31:40'),(6,'quam','quisquam',999.999999,'Omnis dolor fugit natus numquam nam aut dignissimos. Reprehenderit eum commodi voluptatem vitae molestiae numquam eveniet. Qui totam velit consequatur iusto occaecati eligendi sequi nihil.','totam','suscipit',2,'2004-10-07 17:23:38','1995-11-06 20:09:35'),(7,'corporis','tempora',999.999999,'Est dolores possimus at. Quaerat unde aperiam non distinctio sint impedit. Et aspernatur beatae impedit.','quod','impedit',2,'1997-01-04 22:00:00','2011-05-25 10:02:31'),(8,'veniam','et',608.000000,'In ut est dolore rerum eos praesentium quidem debitis. Et sit est qui similique repellendus. Facilis odit ut dolores sed rerum.','laborum','et',0,'1985-08-09 00:32:44','2017-10-06 19:24:51'),(9,'cum','velit',999.999999,'Accusantium animi sit eos dolor placeat. Omnis quidem consequuntur ducimus aliquid doloremque adipisci voluptas corrupti. Ipsam debitis sint quae delectus nobis.','cumque','laudantium',1,'2012-11-07 11:15:51','1976-10-16 16:07:17'),(10,'dolorem','reprehenderit',999.999999,'Animi provident ipsam quia mollitia. Minus molestiae sint aut reprehenderit quas sapiente odio.','non','voluptates',0,'1998-03-24 05:47:19','1974-12-03 00:25:12'),(11,'qui','rem',999.999999,'Et animi ab mollitia. Aut enim iure soluta aspernatur quis et minima recusandae.','error','et',0,'2005-01-29 10:30:58','2009-03-05 10:50:38'),(12,'et','minus',216.000000,'Sit fugiat omnis voluptas. Ab voluptate saepe possimus nobis repudiandae natus est. Id architecto et vero ad ipsa hic.','et','corporis',0,'2019-10-13 23:45:25','2004-11-06 19:20:36'),(13,'saepe','est',999.999999,'Aut est corporis neque possimus sed qui reiciendis. Ducimus soluta magnam nesciunt. Quam eaque cupiditate sequi corporis error vitae eum. Ab voluptates ea quod et sint facere inventore qui.','vero','eaque',1,'2001-01-05 00:35:03','2015-02-25 15:13:38'),(14,'velit','et',433.000000,'Hic labore maxime fugit dolore nam est. Aut voluptas dolor ad repudiandae quasi nulla architecto.','laborum','sequi',0,'1985-10-17 14:10:38','1978-08-27 14:04:33'),(15,'iure','accusamus',999.999999,'Quis tenetur soluta voluptas reiciendis quidem animi. Sint et tenetur est.','aut','veniam',2,'1991-03-23 00:00:01','1991-05-10 02:24:27'),(16,'unde','error',999.999999,'Molestiae laudantium veritatis alias voluptates. Inventore illum consequatur aliquam velit delectus. Voluptate et qui sit accusamus voluptate. Nihil vel harum voluptatibus sint ipsam.','quae','occaecati',0,'1986-05-16 22:59:09','1994-09-20 22:09:33'),(17,'dolor','est',999.999999,'Incidunt facere et ad praesentium quia voluptas qui. Occaecati quo autem quasi consequatur. Rerum sequi porro fugiat ut dolor pariatur.','similique','neque',2,'2017-03-01 05:43:21','2019-01-21 01:18:50'),(18,'quidem','at',999.999999,'Reprehenderit ut illum in animi consequatur. Rerum voluptatibus qui dolorem impedit quia rerum. Est saepe qui non ipsam sed repellendus. Vitae et velit ea ut dolorum quod repudiandae commodi.','molestiae','harum',0,'2001-07-15 15:46:15','2019-08-18 18:54:13'),(19,'eum','voluptate',999.999999,'Aperiam sed corrupti sapiente minus explicabo. Officia aut illum architecto quidem reiciendis. Recusandae assumenda labore cum voluptas facere assumenda nobis dignissimos. Hic mollitia ad odit vero.','occaecati','et',2,'1972-01-20 21:18:59','1988-10-27 21:44:50'),(20,'eligendi','nulla',407.000000,'Rerum molestias est vel sit labore. Officiis ad dolores blanditiis a. Autem maxime at in pariatur. Eum sed ex recusandae nam aut qui.','voluptas','voluptatibus',1,'2006-08-27 15:32:16','2020-08-13 11:57:04'),(21,'delectus','deleniti',999.999999,'Odio ipsa illum praesentium expedita dolore alias aut aut. Nihil aliquid suscipit tempora deserunt laborum ut dolorum. Magni sit consequatur in maiores dignissimos sunt voluptate maxime.','ut','neque',2,'2004-02-11 20:25:02','1990-07-28 18:39:37'),(22,'voluptas','corporis',263.000000,'Cum beatae harum deserunt occaecati omnis. Quis repellendus dolores nisi eaque rerum. Neque nulla sed possimus hic. Nesciunt deleniti eligendi corrupti vel porro.','voluptatem','sunt',1,'1975-12-08 08:05:29','1997-10-21 08:32:04'),(23,'natus','id',999.999999,'Vel beatae necessitatibus consequuntur autem voluptas. Numquam et et quasi saepe dicta est ut. Id consequatur labore officia. Deserunt quod ut odio beatae officia in dolorem.','non','non',1,'2016-04-26 01:17:04','1995-09-08 04:56:37'),(24,'enim','ut',311.000000,'Dolorem fugit est labore. Ea ad nihil nihil suscipit. Facilis fugit cupiditate est eos quia facere quaerat. Nisi eaque qui accusantium minima tempore.','ipsa','possimus',0,'1994-01-14 19:12:21','2018-01-30 01:56:02'),(25,'modi','molestiae',613.000000,'Sed tenetur ut hic consequatur dicta dolor ea tenetur. Aut quae autem quis totam et sed beatae facilis. Consequuntur error nisi qui odio.','est','fugiat',1,'2003-08-31 19:05:30','1972-11-29 02:02:29'),(26,'quidem','reiciendis',999.999999,'Aperiam sint id aut molestiae laboriosam. Nostrum perspiciatis corporis dolor quod quia quae est. Dignissimos est assumenda delectus ut esse occaecati soluta. Placeat labore voluptates officia cum.','distinctio','qui',2,'1991-03-30 22:34:00','1985-12-18 02:20:33'),(27,'ad','facere',874.000000,'Dicta et sapiente quae in illum nisi. Provident enim consequatur qui blanditiis quia nisi voluptatibus veniam. Soluta voluptates qui ut sit dolorem fugiat nihil harum. Cumque tenetur natus a.','nam','quia',2,'2014-05-08 21:46:28','2007-08-25 05:20:50'),(28,'vel','voluptatem',125.000000,'Non eos excepturi unde molestiae nostrum mollitia. Dolorum ducimus hic qui atque suscipit dolore.','facilis','voluptate',2,'1998-08-07 04:12:19','1984-09-23 11:51:20'),(29,'quisquam','earum',825.000000,'Assumenda minus aut quis adipisci et qui. Laudantium eos repellat et vero eligendi. Illum consectetur id commodi mollitia sint assumenda. Enim libero eaque asperiores quae cum hic iusto.','ipsam','itaque',0,'1991-03-22 20:07:03','2001-11-25 11:12:53'),(30,'et','aut',999.999999,'Deserunt in alias exercitationem quia quia. Fugit est sapiente mollitia et quo corrupti rem. Non id neque consequatur reiciendis harum nemo corporis debitis.','velit','velit',2,'1994-02-01 10:57:32','1997-07-05 05:28:58'),(31,'nulla','aperiam',999.999999,'Et itaque omnis eum dolorem sed. Quam quis numquam animi corporis. Id repellendus inventore sequi voluptatibus eos.','soluta','vel',1,'2018-06-16 12:24:06','1997-03-04 18:54:42'),(32,'doloribus','excepturi',999.999999,'Aut ad repudiandae ipsa repellendus. Qui itaque eum laudantium mollitia. Quae quo sed tempora asperiores.','corrupti','amet',0,'2013-03-24 06:42:35','2000-03-02 20:51:37'),(33,'assumenda','debitis',437.000000,'Sunt laboriosam tenetur laudantium dolore inventore quia asperiores. Dolorem ea consequatur voluptas corrupti et.','aspernatur','rerum',0,'2000-02-22 03:51:25','2015-04-09 10:01:49'),(34,'voluptas','quibusdam',999.999999,'Quam et rem reprehenderit non alias dolor. Dolorem dignissimos voluptates vel ab id facilis cumque. Iste culpa expedita modi minus nostrum.','dicta','officiis',1,'1982-03-15 12:55:39','1983-07-06 06:57:00'),(35,'et','atque',778.000000,'Quam sequi animi nam soluta molestias natus. Voluptatem et ut ipsum id. Odit et quisquam sed doloremque ut. Quasi excepturi placeat non laudantium ut.','qui','totam',2,'2018-10-27 19:10:20','1991-01-25 02:35:49'),(36,'eaque','rerum',716.000000,'Autem vel ut ipsa ad ut voluptatum. Velit quasi quia facere voluptatem molestiae illo. Dicta rerum et sunt qui repellat sit dolor.','velit','unde',0,'2002-05-24 19:33:33','1991-02-23 18:08:52'),(37,'doloremque','laboriosam',897.000000,'Facilis nulla aut consequatur aut doloribus officia. Natus modi officia a aut eligendi est voluptatum sapiente. Id similique nobis ea fugit dolorum rerum placeat molestias.','aut','voluptas',1,'2018-11-28 20:40:10','1988-06-08 22:59:27'),(38,'consequatur','a',999.999999,'Eum molestiae sit corrupti voluptas laudantium. Itaque tempore maxime non sunt quaerat temporibus eos. Tempora iusto maxime atque beatae asperiores voluptatem necessitatibus omnis.','incidunt','exercitationem',2,'2020-07-14 04:58:44','1971-06-25 19:09:02'),(39,'labore','voluptatum',999.999999,'Qui est consequatur non ipsa. Ullam qui quos et consequatur iusto placeat et. Omnis iusto dolorem nobis rem minus quaerat.','quibusdam','non',1,'1993-12-12 03:02:09','1996-12-23 21:52:37'),(40,'voluptatem','non',336.000000,'Illum non velit consequatur voluptatibus iste. Sequi aut voluptatum exercitationem ea. Velit labore itaque saepe quia corrupti.','modi','voluptate',2,'1976-09-25 10:23:56','1998-02-20 23:34:49'),(41,'ipsum','id',999.999999,'Necessitatibus debitis reprehenderit minima quia laboriosam aut doloribus unde. Sed suscipit ipsa quis velit. Autem in quod cupiditate.','autem','amet',2,'2019-12-22 05:47:04','1995-02-20 06:05:07'),(42,'sint','dicta',999.999999,'Aut excepturi voluptatibus in hic molestiae facere odio. Eius non omnis qui repellendus animi quo non.','architecto','est',2,'2004-10-15 17:40:33','1980-11-24 14:52:26'),(43,'qui','non',999.999999,'Minus exercitationem ut fugit labore ut facilis. Iure nulla eos asperiores aliquam est. Impedit qui consequatur et velit nisi optio. Cupiditate atque iste harum quod.','quis','et',2,'1987-12-04 06:41:03','2012-11-21 18:17:58'),(44,'vero','aspernatur',999.999999,'Amet sit eum adipisci voluptatum ullam. Cum illum numquam maiores libero possimus ut quia. Et ut doloremque est odit officia nihil. Dolorum animi officia quos adipisci.','aut','aut',0,'1982-07-28 14:43:53','1973-03-25 02:47:59'),(45,'sit','quia',999.999999,'Error dignissimos fugiat aspernatur. Voluptatibus architecto eaque facilis non aliquid. Quia ipsa perspiciatis sed voluptatem. Qui quod et laborum nostrum reprehenderit.','et','ullam',1,'1987-09-14 19:56:26','2007-06-15 17:33:02'),(46,'perferendis','rerum',999.999999,'Vero in laboriosam reprehenderit quo. Enim consequatur ut assumenda et et quia pariatur. Rerum ducimus et ut necessitatibus voluptatibus. Quod consequuntur cupiditate in debitis quibusdam sed.','beatae','reiciendis',2,'2010-06-24 06:40:02','1995-08-15 17:55:43'),(47,'vitae','maxime',249.000000,'Eos non saepe eum voluptatibus aut. Laudantium rem atque quia iste. Rerum adipisci molestiae velit ut. Magni quis ad eius vel dolorum.','harum','quis',1,'2017-09-18 06:59:39','2000-05-19 13:56:26'),(48,'magni','ipsa',166.000000,'Unde natus ut numquam minima. Eaque consectetur culpa omnis quia. Atque aspernatur tenetur iusto consequatur libero quod labore. Dolore est sapiente laboriosam.','ducimus','repudiandae',1,'1980-08-04 19:45:34','1999-08-10 04:27:03'),(49,'aut','doloremque',670.000000,'Qui consequatur ipsum et incidunt aut illo. Qui nesciunt illo unde voluptatem. Et quae quaerat optio exercitationem. In exercitationem molestiae dicta libero esse maxime.','perspiciatis','iste',0,'1973-05-29 02:54:46','1980-12-22 04:56:54'),(50,'blanditiis','rerum',999.999999,'Voluptatibus molestiae doloribus illum minima libero recusandae quo. Magnam sit perspiciatis quis quis. Cupiditate reiciendis eius dolorum eaque distinctio quae reprehenderit.','illo','omnis',1,'2018-09-07 10:56:07','1992-11-27 20:34:17'),(51,'dolorem','voluptatum',999.999999,'Quae occaecati suscipit rerum veniam est. Nam quia dolores id dolor omnis ullam ut. Tempora eum non quibusdam officia quas.','molestiae','ducimus',2,'2008-12-04 16:24:56','2017-09-04 02:35:04'),(52,'autem','et',999.999999,'Alias mollitia possimus est aut sapiente vel qui. Voluptates illo ea molestiae excepturi et. Quidem praesentium et consequatur aut ratione.','omnis','perferendis',1,'2000-08-09 07:58:43','1989-05-08 21:05:17'),(53,'animi','eos',275.000000,'Sequi cumque voluptatum aspernatur facilis voluptatum. Et vero rerum veniam. Modi in maxime unde.\nQui doloribus corrupti corporis et doloribus. Eveniet dolores id molestiae sit iure.','neque','repellendus',0,'2009-10-16 05:20:17','2003-01-20 12:36:41'),(54,'qui','quidem',3.000000,'Ut cum illum non quaerat consequatur vel. Id perspiciatis ducimus quo iusto delectus nisi. Molestias est et est repellendus quasi.','sequi','numquam',2,'1999-07-29 10:26:14','1972-09-25 15:03:33'),(55,'in','ea',39.000000,'Non et nostrum mollitia error qui. Vitae quasi fugiat sequi voluptate tempore id eveniet. Cum labore est ad commodi modi provident sunt.','facilis','sapiente',1,'1994-09-18 20:41:54','1999-11-10 03:50:56'),(56,'quidem','nobis',811.000000,'Hic ab accusamus magni quos facere praesentium. Odio doloribus labore quas est. Et quaerat ipsa facere cumque deserunt autem.','quos','dolorum',0,'1991-09-27 07:59:25','1982-04-04 11:57:46'),(57,'eaque','ea',287.000000,'Tenetur est nisi rem consectetur quibusdam incidunt explicabo. Tempora molestiae voluptate itaque vero illo quo aperiam et. Ducimus rem quis optio natus quasi dolore.','dolor','quaerat',0,'2018-11-11 18:59:56','1973-10-01 09:33:02'),(58,'omnis','ratione',999.999999,'Quod et consequatur inventore accusantium esse. Inventore ullam ducimus eaque voluptatem reprehenderit quisquam quia aperiam. Quod in iusto quibusdam quas.','est','distinctio',2,'1979-12-14 12:24:46','1980-12-15 19:37:16'),(59,'fugiat','eos',999.999999,'Maiores commodi nam tenetur sunt quibusdam consequuntur. Possimus est error alias minus ullam commodi. Itaque illo non laudantium molestiae dolorem.','beatae','sunt',0,'1999-11-01 20:15:21','1982-10-03 16:02:40'),(60,'animi','quia',358.000000,'Totam cum accusamus explicabo nisi. A sunt eius labore sint alias voluptates quis. Reprehenderit libero sit iste ullam a autem illo.','ut','ipsa',1,'1997-03-09 08:22:00','1977-01-24 14:38:30'),(61,'earum','officia',999.999999,'Aut provident sit quidem voluptate repudiandae neque et. Nulla repudiandae nulla et labore tempore et. Deleniti nemo a magnam voluptatem consequatur amet. Distinctio rerum in tempora eius reiciendis.','aspernatur','inventore',1,'1994-04-07 14:32:18','1977-07-06 12:40:38'),(62,'doloribus','cum',458.000000,'Ut dolorem deleniti culpa magni. Saepe voluptatum excepturi aspernatur dolorum ut neque.','molestiae','qui',0,'1979-02-20 13:55:42','1982-02-19 18:47:03'),(63,'vitae','velit',999.999999,'Ut animi vitae qui et ratione nesciunt officia et. Sit itaque et quam hic unde est ad. In qui culpa eligendi facere natus sint dolore repellendus.','voluptas','placeat',0,'1991-02-28 19:43:15','1993-04-28 18:28:47'),(64,'eaque','vel',754.000000,'Amet quia exercitationem quod et in in sapiente. Ut in id molestiae excepturi. Voluptatem quo mollitia eos quod ut.','ad','similique',1,'2014-09-13 20:16:15','2014-06-25 14:21:39'),(65,'expedita','voluptatem',817.000000,'Voluptatibus officiis ipsum et enim repudiandae nemo architecto. Eos doloremque quia sunt id et. Vero et quis aut suscipit.','quo','aut',1,'1998-11-04 15:46:29','2014-03-12 09:32:02'),(66,'nisi','quia',999.999999,'Quia consequatur est laborum perspiciatis animi esse voluptatem iste. Qui exercitationem sit sed ex. Velit qui assumenda dolores.','magnam','facere',2,'1988-05-09 23:24:40','1996-04-09 19:40:30'),(67,'reprehenderit','odit',999.999999,'Quis quae est velit earum velit omnis sapiente. Similique vel id tempore. Minus quaerat exercitationem perspiciatis exercitationem sequi quaerat fuga.','odio','eligendi',0,'2000-05-31 15:04:44','1978-04-25 09:06:06'),(68,'voluptas','amet',999.999999,'Recusandae fuga ipsum repellat consequatur nulla neque. Perspiciatis autem perferendis alias assumenda illo laudantium aut. Dolorum enim quia sunt officiis unde.','quisquam','et',0,'1991-02-14 11:27:49','1976-12-29 18:38:15'),(69,'mollitia','fuga',631.000000,'Non facere debitis enim qui et corrupti. Sed porro id eum aut sed perspiciatis perferendis. Sit autem maxime dolorem est.','pariatur','voluptas',0,'2001-12-04 22:52:11','2016-07-09 22:13:31'),(70,'qui','quo',537.000000,'Nulla explicabo officia et. Explicabo voluptatum doloribus ducimus. Consequatur occaecati voluptates sit totam repellendus. Et est excepturi expedita sit rem non.','et','reprehenderit',1,'2010-09-06 15:05:04','1992-09-28 16:10:05'),(71,'numquam','corporis',999.999999,'Dolorem possimus possimus aspernatur quo rerum rem adipisci corrupti. Vitae tempora incidunt quod. Ut dolores temporibus ut.','molestiae','quisquam',2,'2004-02-11 22:10:22','1988-12-14 03:34:38'),(72,'aut','molestias',719.000000,'Repellendus culpa aut hic quo rerum nesciunt voluptatem. Repellendus aliquam unde et vero porro assumenda molestias. Velit et eius est est.','sit','esse',2,'1993-08-24 11:08:00','2012-03-20 01:02:53'),(73,'voluptatem','quam',497.000000,'Dolorem voluptatem itaque voluptatem labore. Facilis suscipit quia odio ut blanditiis saepe non. Aut rem aperiam quasi saepe dignissimos.','ea','est',0,'2014-07-29 16:28:56','2011-08-04 22:51:53'),(74,'consectetur','aut',951.000000,'Ipsa modi non eaque repellendus tempora nemo. Odio delectus deleniti perferendis eum dolorum fugit facere. Esse qui architecto id voluptatem.','enim','corrupti',2,'1999-03-24 20:04:07','2014-12-18 06:17:17'),(75,'consequatur','unde',999.999999,'Quo rerum quia officia commodi. Quibusdam aliquam et atque. Blanditiis dignissimos nam totam ut repellendus dicta tempora.','velit','debitis',0,'2018-09-07 12:47:42','1980-05-01 13:01:07'),(76,'reprehenderit','iure',999.999999,'Non omnis asperiores voluptate cupiditate et numquam omnis. Impedit optio in sed dolores. Porro et aspernatur a blanditiis quis ex.','nihil','alias',2,'1993-02-27 05:35:31','2002-12-21 11:28:34'),(77,'dolorem','neque',87.000000,'Quaerat nihil repudiandae delectus unde. Nobis sed est modi molestias commodi est harum. Laudantium et minima delectus non rerum. In numquam et sed hic et.','veritatis','voluptates',1,'2007-09-18 03:12:47','1996-09-16 08:32:57'),(78,'autem','ex',999.999999,'Quia voluptas rerum labore tenetur. Dolorem quas reprehenderit non reprehenderit. Eveniet aut ea est iste voluptate rerum consequatur.','molestiae','excepturi',0,'2016-06-25 06:54:58','1984-01-25 13:50:25'),(79,'saepe','minima',999.999999,'Et est asperiores et labore id voluptatem. Explicabo molestiae placeat iusto facilis nesciunt exercitationem earum a. Quia consectetur et dolorem non commodi.','sapiente','molestiae',2,'2013-04-07 22:24:04','1999-04-10 20:01:19'),(80,'voluptatem','tenetur',650.000000,'Voluptatem molestias eaque sapiente voluptas ut optio. Vel sed ducimus voluptatem tempora vero facere. Repudiandae blanditiis dolorum aut excepturi aut fuga eaque.','distinctio','culpa',0,'1995-12-09 06:27:45','2011-05-19 02:39:26'),(81,'qui','delectus',318.000000,'Beatae ea explicabo minus magnam tenetur laboriosam. Repellat sapiente aut asperiores explicabo. Et est deleniti beatae. Ullam ut ut non harum.','et','sint',1,'1981-11-07 23:55:14','1970-02-05 17:04:44'),(82,'dignissimos','aperiam',737.000000,'Voluptatum velit voluptas aliquid illo natus. Corporis non suscipit suscipit voluptas eos perspiciatis voluptatem est. Nisi quia dicta aut id ex repudiandae quia.','aut','quod',1,'1993-01-05 17:08:47','2001-02-11 21:23:41'),(83,'eligendi','aperiam',144.000000,'Molestiae blanditiis quia amet cupiditate. Fugit dicta magnam dicta. Ut debitis aliquam qui omnis rem. Enim vitae nobis ipsum.','repellendus','perspiciatis',0,'1975-07-15 01:21:08','1987-07-02 21:53:57'),(84,'eum','voluptatem',522.000000,'Eum blanditiis quibusdam et et ullam. Ipsa qui repellendus architecto. Aspernatur est et sequi iste.','aut','a',0,'1992-08-19 18:44:39','1982-04-09 13:03:23'),(85,'ex','omnis',999.999999,'Facilis maiores magni voluptatem repellat aspernatur libero. Sed labore sunt eius voluptatem. Corrupti necessitatibus inventore reiciendis corporis aspernatur distinctio.','ipsum','earum',1,'2008-10-06 14:38:55','2015-03-06 02:36:30'),(86,'cumque','vero',999.999999,'Aspernatur nulla fugiat architecto eius veritatis iure tenetur voluptates. Quia ut soluta ratione consectetur suscipit et quo. Quo libero omnis aut est.','consequatur','nobis',1,'1995-01-02 11:50:32','2013-11-14 03:02:59'),(87,'modi','qui',999.999999,'Exercitationem illo corrupti distinctio est cum repellendus ab. Quis et perferendis quo saepe quasi omnis.','eius','rerum',0,'1974-09-27 18:15:17','2020-01-03 22:51:36'),(88,'laboriosam','suscipit',999.999999,'Illo sit ducimus suscipit omnis. Beatae sunt porro provident quibusdam.\nCommodi rerum expedita dolores et cupiditate. Doloribus qui earum alias qui assumenda nisi aut. Tempore fuga est ut.','deleniti','hic',2,'1980-04-30 12:36:20','2006-01-02 21:42:34'),(89,'fuga','consequatur',999.999999,'Reiciendis quod sed ut fugiat. Blanditiis fugiat et mollitia sunt ipsam est et.','qui','atque',2,'1992-11-09 14:35:26','1985-02-25 15:06:40'),(90,'rerum','est',999.999999,'Eius voluptatem earum voluptates ut quibusdam. Aperiam voluptatem dolore quas qui et eos. Sed quam culpa quasi voluptas. Labore iste cupiditate incidunt sunt.','dolor','deserunt',1,'1992-09-24 20:37:58','1988-06-29 12:21:08'),(91,'maxime','saepe',80.000000,'At et accusantium voluptatum repellendus qui. Molestias eos repudiandae laudantium esse consectetur id commodi. Distinctio omnis veniam porro optio.','autem','doloribus',1,'2015-12-04 21:43:20','1970-09-08 18:00:12'),(92,'ipsum','ex',999.999999,'Voluptatum est dolores dolorum nam inventore. Mollitia velit et dolorum voluptatem sequi. Et neque ut qui et ad deleniti.','dolorem','provident',2,'2000-05-13 03:14:57','1995-09-03 17:02:18'),(93,'doloribus','velit',999.999999,'Qui ad dicta omnis quis commodi cumque. Cupiditate cum qui aliquam quo voluptas cupiditate quas quis.','laudantium','provident',0,'1992-04-05 20:42:15','2000-03-08 17:11:19'),(94,'dolorem','modi',999.999999,'Et sit voluptatem debitis totam. Ipsum natus necessitatibus qui rem. Impedit eum quas id maxime dolorum qui. Harum dolorum numquam voluptatem molestias id perferendis quis.','quia','omnis',1,'2017-04-19 16:33:26','1982-09-09 23:17:43'),(95,'earum','maxime',337.000000,'Nisi voluptatem velit enim. Pariatur aliquid dolores voluptas alias. Sit labore alias delectus maxime et quia ut eum.','vero','fugiat',1,'2017-06-01 02:16:21','1985-06-27 00:51:01'),(96,'suscipit','omnis',999.999999,'Occaecati optio tempora explicabo enim sapiente. Consectetur dolorum perferendis quia et nobis.\nId voluptas asperiores ea. Qui omnis est labore odit. Quasi ut voluptates aut enim temporibus.','et','voluptate',2,'1972-11-05 20:10:25','1999-05-23 07:54:35'),(97,'repudiandae','ea',254.000000,'Earum vel perspiciatis aut velit laudantium dignissimos. Voluptate reprehenderit aliquid in sunt corrupti aliquam aspernatur. Aliquam enim quaerat incidunt.','asperiores','quam',1,'1994-04-24 01:38:48','1975-01-01 13:51:51'),(98,'ad','ipsum',999.999999,'Nostrum deleniti vero corrupti explicabo. Harum distinctio fuga explicabo nam omnis. Voluptates nihil reprehenderit eveniet aut. Qui molestiae facilis voluptatibus quaerat.','molestias','sunt',2,'2007-11-16 22:24:37','1989-04-11 19:38:35'),(99,'eligendi','quo',999.999999,'Necessitatibus atque sint esse nihil hic. Et qui dolorum commodi minima. Praesentium dolorem non ad id consequatur dolor.','qui','veritatis',0,'1984-09-30 01:30:41','1995-09-03 07:03:28'),(100,'dicta','ipsum',999.999999,'Occaecati et necessitatibus quibusdam ut. Commodi et quam et amet ut assumenda dolorem. Qui magnam neque ullam magnam nihil est a. Aliquam repellat vel eveniet consequuntur.','et','officia',1,'2012-07-22 02:13:30','1998-11-22 06:58:47');
/*!40000 ALTER TABLE `profiles` ENABLE KEYS */;
UNLOCK TABLES;

--
-- Table structure for table `reviews_cources`
--

DROP TABLE IF EXISTS `reviews_cources`;
/*!40101 SET @saved_cs_client     = @@character_set_client */;
/*!50503 SET character_set_client = utf8mb4 */;
CREATE TABLE `reviews_cources` (
  `id` int NOT NULL AUTO_INCREMENT,
  `courses_id` int NOT NULL,
  `profiles_id` int NOT NULL,
  `mark` tinyint(1) NOT NULL,
  `comment` text,
  PRIMARY KEY (`id`),
  KEY `fk_reviews_cources_courses1_idx` (`courses_id`),
  KEY `fk_reviews_cources_profiles1_idx` (`profiles_id`),
  CONSTRAINT `fk_reviews_cources_courses1` FOREIGN KEY (`courses_id`) REFERENCES `courses` (`id`),
  CONSTRAINT `fk_reviews_cources_profiles1` FOREIGN KEY (`profiles_id`) REFERENCES `profiles` (`id`)
) ENGINE=InnoDB AUTO_INCREMENT=101 DEFAULT CHARSET=utf8mb4 COLLATE=utf8mb4_0900_ai_ci;
/*!40101 SET character_set_client = @saved_cs_client */;

--
-- Dumping data for table `reviews_cources`
--

LOCK TABLES `reviews_cources` WRITE;
/*!40000 ALTER TABLE `reviews_cources` DISABLE KEYS */;
INSERT INTO `reviews_cources` VALUES (1,6,30,4,'Qui sed dicta voluptatem in suscipit qui ducimus voluptas. Quo qui voluptatibus aut aliquam eligendi neque non nulla.'),(2,5,13,2,'Iusto fugiat voluptas nesciunt nam excepturi voluptas quia. In esse et aut autem architecto illo et. Nobis a rerum aut harum voluptatum esse est.'),(3,30,1,5,'Ratione voluptatem ut voluptatem. Ullam et eius ea et quis eius.'),(4,18,53,5,'Voluptatem hic tempore odio magnam. Deserunt nulla ullam autem quia aut ex et. Sed culpa facere sint ut. Quia sequi ipsum voluptates voluptatem.'),(5,49,1,4,'Nostrum optio neque sit et quam est. Consequatur numquam dolorem dolorem adipisci sit.'),(6,2,57,2,'Eius quaerat quia et neque. Excepturi ea consequatur quisquam qui sunt. Et fuga ullam eveniet harum nulla.'),(7,2,60,4,'Sed qui eaque et. Deserunt cum molestiae cupiditate vel enim. Sit nihil qui et amet aperiam iure repellendus aspernatur. Vitae sint et ut ullam omnis sapiente sed.'),(8,30,19,3,'Nostrum numquam maxime non fugiat est quisquam repudiandae. Aliquam ullam repellat neque nihil numquam cumque. Possimus incidunt commodi natus a earum quos minus. Et qui quia molestias eos est dolor.'),(9,49,2,5,'Omnis voluptatum placeat neque. Voluptate ducimus sit similique facilis numquam earum maxime. Ut consequatur non vitae sequi.'),(10,35,87,4,'Voluptas culpa quod perspiciatis. Ut quod tenetur aut eum nesciunt ut. Libero accusamus quidem reiciendis itaque aut. Autem consectetur sequi suscipit eos id facere.'),(11,10,79,2,'Praesentium eos laboriosam quisquam eligendi ipsa iure. Doloribus iusto quasi eum. Rerum dicta eum in enim dolor aut dolores.'),(12,44,16,3,'Placeat quibusdam est aut eos illo. Velit nisi est natus consequatur vitae ut. Aut aliquam et consequatur eveniet magnam possimus possimus perspiciatis.'),(13,48,5,2,'Velit perferendis nam atque a aperiam ipsa et possimus. Sint nulla delectus fugiat eos officia nulla ducimus.'),(14,40,81,2,'Eaque natus optio sed asperiores voluptates sunt vel. In neque quaerat quibusdam odit velit. Eaque est temporibus ea nulla aliquam natus quam.'),(15,33,33,4,'Est animi iste odio ea. Dolorem ratione ut velit officia asperiores molestiae. Cumque ut maiores cumque. Nemo alias suscipit occaecati ut.'),(16,50,77,2,'Nihil ut et quia natus blanditiis exercitationem omnis. Sed temporibus fugiat pariatur commodi et. Molestias esse praesentium et.'),(17,31,7,3,'Similique quo soluta tempora vel non. Doloribus omnis voluptates excepturi tempora. Voluptatem rem numquam nemo eveniet. Illum repudiandae sequi id ut sunt.'),(18,45,20,2,'Fuga architecto accusantium rerum sit. Corrupti vero qui numquam minus molestias facere ipsum.'),(19,4,23,5,'Rerum porro dolore quidem pariatur delectus quod. Incidunt nihil maxime voluptas enim suscipit nesciunt consequatur. Animi nihil sapiente et cupiditate et in voluptate.'),(20,37,4,2,'Nisi quasi nobis consequatur odit. Pariatur aspernatur iusto ut placeat. Doloremque fugit illo sed omnis modi molestias voluptas.'),(21,12,76,3,'Non est debitis facere velit sunt qui aut. Vel quos mollitia provident nihil excepturi aut recusandae.'),(22,30,27,3,'Tempora libero repellendus ad molestias. Quo nulla qui aperiam perspiciatis. Explicabo ipsa officiis modi odit suscipit. In excepturi voluptas in quaerat ea quia.'),(23,18,20,3,'Sint iste omnis qui quia quod at nam. Et et quis dolorum quam eligendi. Facere in eaque fugit exercitationem amet ad excepturi.'),(24,23,32,3,'Eaque corporis non laborum ut perspiciatis hic. Eveniet velit numquam dolores aut. Quam repellendus sit corporis. In in quia odio aspernatur.'),(25,11,14,3,'Libero dolorem eum consequatur inventore quo aut eum. Totam fugiat ad dolore esse ea. Culpa suscipit animi quia quia perspiciatis voluptatem tempore.'),(26,10,40,4,'Impedit vero assumenda magnam. Rem blanditiis veritatis nemo vero voluptatem cum omnis. Sed temporibus aut nam tenetur minima perferendis modi. Nisi suscipit qui quisquam et dolorem ut.'),(27,46,6,3,'Voluptatem beatae ducimus et libero. Quas sequi iusto non cupiditate autem saepe. Dolorum asperiores dolor nostrum voluptatem ut. In modi autem est quis ipsa. Dolorum voluptatem commodi nobis ad.'),(28,28,88,5,'Voluptas veritatis qui voluptates harum sapiente non. Qui qui qui qui. Corporis saepe consequatur totam suscipit. Laborum magni voluptatem qui dolor reprehenderit.'),(29,6,35,5,'Magnam quis vitae amet vel qui id. Nostrum et ab et recusandae tenetur repudiandae. Odio nemo dolorem rem alias enim. Provident amet nihil eius at amet rem.'),(30,35,76,2,'Voluptatem sed aut consequatur vel quo a iure. Aut sit fugit dolores. Quisquam modi qui eius rerum iure autem quaerat.'),(31,34,67,4,'Non expedita magnam nihil et. Totam ut et nostrum eos ut quae. Atque eveniet reprehenderit qui voluptates animi aspernatur et.'),(32,26,29,2,'Libero inventore eum enim. Et deserunt odit illo repellendus ipsam. Qui accusantium nobis temporibus voluptas sint repellat id. Voluptas praesentium voluptatum consequuntur qui dicta debitis.'),(33,37,40,3,'Harum quod nostrum ut quos dolorem dolor. Aliquam quia deserunt est fuga. Ipsa enim et explicabo porro perspiciatis consequatur. Rem architecto sunt sed quo ut quia. Optio ut ullam omnis eius itaque.'),(34,24,80,5,'Est est dolor est ea vero veritatis. Amet et nostrum et ut. Eligendi commodi quia ut occaecati voluptatum ipsam sint fuga.'),(35,32,21,2,'Asperiores dolore et dignissimos mollitia. Sint placeat perferendis sit quia atque voluptatum. Quis nobis sit non omnis. Quidem veniam ut autem facilis.'),(36,42,86,4,'At veniam quo culpa maiores recusandae. A autem sapiente iure quaerat doloremque omnis. Ea et aut tempore quis ut. Reiciendis beatae et facilis et est libero.'),(37,48,43,4,'Sed qui quis eos corrupti accusamus sunt. Nemo consectetur voluptatum velit sunt.'),(38,6,31,2,'Aut et eos magni aut officia provident unde. Reprehenderit explicabo sed nemo alias. Fuga repellendus ducimus sunt est corrupti sequi saepe.'),(39,32,57,4,'Repudiandae aut amet aut nemo. Doloremque non ut doloremque. Consectetur eos dolor quos accusantium sed quia omnis. Neque esse dolore consequatur assumenda quod quod accusamus.'),(40,32,84,4,'Amet ea voluptatum est qui recusandae aperiam tempora. Sequi cum quis consectetur sint est qui. Excepturi qui voluptatibus ipsa et voluptatum recusandae. Quae rerum pariatur qui deleniti.'),(41,36,81,5,'Doloremque est ut id blanditiis. Quos architecto aut quasi eveniet quo voluptatem itaque. Quae quam reprehenderit autem.'),(42,12,62,3,'Quam ratione ut sequi perspiciatis odit odit nihil. Perferendis ipsam laborum voluptatem voluptatem. Nulla quod voluptatem corrupti maxime voluptatem vel mollitia.'),(43,44,79,3,'Ullam reprehenderit maxime ullam est odio natus beatae. Doloribus tempore impedit deserunt consequatur. Aut fugiat error fugiat consectetur quis quam. Commodi quis ratione porro eligendi.'),(44,25,97,5,'Omnis laborum repellendus vero exercitationem. Aut corporis non qui dolore in atque blanditiis. Quo assumenda id perferendis magnam ad dicta. Voluptatem ut alias perferendis quia earum.'),(45,7,18,4,'Sit enim perspiciatis modi. Sed accusantium officia odit.'),(46,37,81,5,'Velit et iste omnis consequatur mollitia. Assumenda explicabo earum quia dignissimos fugit sed itaque aut. Est esse et rerum molestias placeat sint.'),(47,42,24,2,'Fugit nobis voluptate in nihil. Hic error sed accusantium. Repudiandae autem incidunt in neque. Qui numquam cum voluptatum voluptates autem placeat iste.'),(48,5,57,2,'Neque aut quia mollitia. Reprehenderit ducimus qui sed ullam repellat deserunt excepturi. Ea veniam nihil eaque quam quia necessitatibus.'),(49,32,57,4,'Ut quo ut excepturi illum placeat fugit. Deserunt blanditiis dolor debitis ut eum. Ut asperiores facilis omnis corporis distinctio iure. Occaecati voluptatum mollitia recusandae.'),(50,18,26,3,'Consequuntur unde qui minima aut odit natus. Nulla ratione id quo est adipisci asperiores beatae quia. Inventore doloremque doloremque recusandae ad et nesciunt est similique.'),(51,39,19,3,'Unde repudiandae quibusdam voluptates laborum. Qui dolorum qui ut. Iste sit tempora et laborum est laudantium adipisci.'),(52,6,72,2,'Numquam quo earum necessitatibus quis sint. Sit voluptas qui dignissimos consequatur voluptatibus. Soluta fugit quia sapiente sit aut itaque aut. Et cum ad amet veniam.'),(53,31,23,4,'Quo numquam odit voluptatibus maxime. Voluptatem nulla non magnam aspernatur. Dolor eveniet quia reprehenderit fuga voluptatum quia.'),(54,2,24,3,'Neque et deserunt in adipisci aut itaque. Possimus ipsam earum asperiores dolores. Quis dolores quasi eaque eum odit voluptas illum.'),(55,40,66,4,'Labore eos sed sed aspernatur et. Vero rem incidunt amet tempora est ut. Unde occaecati unde porro quos aliquid.'),(56,4,50,2,'Ea excepturi aut rerum adipisci ut occaecati. Quam ut ut praesentium sint. Veritatis dicta culpa occaecati. At dolorum quia qui enim incidunt.'),(57,23,30,3,'Est error nobis placeat temporibus. Quas consectetur et enim sit. Maxime quidem molestiae autem incidunt.'),(58,6,33,3,'Fugit et debitis expedita autem voluptate error. Eligendi a autem nobis optio.'),(59,5,61,3,'Esse dolor voluptatum a. Quae velit accusantium ipsum itaque adipisci eum. Qui hic repudiandae temporibus saepe quos molestiae voluptatem.'),(60,15,23,2,'Totam numquam repudiandae eius omnis. Assumenda veniam aut veritatis odio accusantium. Eum illo beatae ratione ea et qui harum natus. Cupiditate eveniet sit tenetur quis.'),(61,40,2,4,'Illum sint vero consequatur est nobis cumque pariatur. Sed atque enim veniam tempore.'),(62,2,63,4,'Maxime ipsum quod doloremque architecto. Itaque qui quis sit praesentium. Odio porro et autem est repellat iusto quae suscipit.'),(63,13,11,4,'Sit occaecati architecto magnam beatae. Deserunt temporibus sed sed nemo in sint itaque. Fugiat aperiam culpa adipisci doloremque. Magni inventore vel at omnis.'),(64,10,89,2,'Porro sed iusto qui consectetur veniam enim rerum. Nihil nostrum quo voluptatibus explicabo qui. Molestiae neque ex quaerat.'),(65,34,55,3,'Provident sed molestiae eaque qui nemo. Aut optio sed beatae omnis. Aliquid quibusdam consequatur unde porro sint nihil.'),(66,7,44,3,'Consequatur corrupti saepe debitis aut. Omnis veritatis sint amet facere quos excepturi modi. Aliquam labore animi eius architecto. Quod tempora sit quia non possimus repudiandae.'),(67,37,25,4,'Quidem nam rerum aut fugiat illo eius. Quia id aut sed rerum ut unde enim.\nSapiente amet magni ea quasi. Libero quis voluptatum nisi ut alias. Tenetur aut suscipit quibusdam quia dolores ex sunt.'),(68,8,35,2,'Magnam voluptas quis aut. Quis quo possimus et sed nulla et. Dignissimos quaerat vitae rerum sit nobis. Ut culpa corporis iste blanditiis quam commodi illum.'),(69,24,18,2,'Tenetur omnis ipsa et voluptatum itaque voluptatem. Eius aut ex ab saepe esse. Aut qui quae possimus eius sint laborum placeat.'),(70,29,28,5,'Quam ex doloribus molestiae molestiae qui. Dolorem ad atque sint similique est. Natus animi ut omnis quod quam et.'),(71,42,64,3,'Eum quo magnam quo nisi. Reprehenderit ut ut vitae et nobis et placeat. Fuga laborum non inventore est omnis.'),(72,39,29,3,'Nemo quis accusamus vitae deserunt in. Similique voluptate numquam aliquid numquam molestiae.'),(73,47,89,3,'Veniam eveniet ipsam enim saepe. Eos aliquid corporis saepe sit occaecati repudiandae ipsa et. Provident eum dolor consequatur natus velit quia.'),(74,31,3,5,'Et doloribus nemo est molestiae aut mollitia. Voluptatem pariatur eveniet soluta qui eum. Soluta quod architecto consequatur alias.'),(75,25,91,3,'Optio provident quia harum ea animi. Nostrum delectus illo voluptatem. A et quasi quos.'),(76,13,28,2,'Et distinctio iste et doloremque qui dolorem. Quasi omnis eos nesciunt debitis. Et sed commodi eveniet.'),(77,47,27,2,'Distinctio omnis et debitis doloribus in asperiores ut. Voluptas non aspernatur impedit ullam.'),(78,45,18,3,'Fugiat et eveniet sed accusamus mollitia. Quam nostrum quia ea incidunt neque.\nIpsum temporibus atque et enim aspernatur est. Delectus id dolores recusandae qui et perferendis incidunt.'),(79,19,9,4,'Quia sunt accusamus voluptatem est consequatur est. Enim expedita sint perspiciatis dolor. Sed natus officiis deserunt. Vitae consequatur omnis repellat est sit et dolore.'),(80,4,5,4,'Ut in quisquam vero dicta. Magnam voluptatibus eveniet iure sed quasi recusandae eum cumque.'),(81,32,20,4,'Sint vitae eligendi asperiores ut ut. Beatae saepe nobis consequuntur ex aperiam. Est consequatur blanditiis amet nobis.'),(82,24,37,5,'Et itaque voluptatem nulla laudantium atque sit. Commodi dolor consequatur et iusto dolores. Dolor sapiente non molestias nulla cumque alias. Eum modi a modi vitae eius.'),(83,23,63,2,'Ratione qui assumenda consequuntur et aut. Non nisi et et fuga enim voluptas. Inventore minima ex aliquam.'),(84,36,93,2,'Nulla blanditiis autem numquam voluptatem. Dolor minima iure odio eos eos. Rerum id beatae enim placeat.'),(85,41,28,4,'Recusandae quod magnam vero et delectus fuga. Vitae totam molestiae et ullam. Fuga aut eos rem consectetur dolore. Recusandae nihil sint qui facilis.'),(86,10,64,5,'Tempora totam aut sed impedit. Dolores reiciendis quia quos rem quia. Quaerat ipsam et pariatur aut exercitationem. Facilis corrupti autem commodi est nulla. Vero et cumque laudantium exercitationem.'),(87,46,97,3,'Cum esse fuga quas exercitationem rerum veniam neque. Necessitatibus dolores nesciunt aspernatur eius. Illum facere tempore dolorem ad aut id et. Error id corrupti aut aut eos hic fuga.'),(88,47,86,2,'Et ipsam dolorem libero est ad doloremque sequi maiores. Expedita qui eum iusto perspiciatis. Vero nulla vel ut id sed quis.'),(89,43,55,3,'Omnis a et mollitia vitae molestiae dolor. Quo accusamus laudantium nostrum nihil tempore. Quia cum rem repellendus.'),(90,44,35,5,'Repellendus maiores et ex sed. Ex et quibusdam cumque neque cupiditate. Aperiam at eligendi quasi officia eum dolor sed. Deleniti ut dolores est sit est mollitia.'),(91,23,13,5,'Ratione ratione exercitationem et aut ipsum. Dignissimos ea et aliquam. Fuga nihil eos dignissimos amet. Eligendi unde dicta molestiae suscipit.'),(92,31,38,3,'Quia error ratione hic omnis quibusdam animi. Totam dolorum est vitae facilis laudantium sint quo. Non placeat eveniet et necessitatibus voluptas libero. Autem iure nulla sit repellat eum quia.'),(93,20,52,4,'Dolorem dolores at deleniti officiis. Eum repellat ex qui ea velit rerum quia. Fuga corporis ut dolores autem a voluptatem.'),(94,28,77,3,'Et excepturi consectetur nisi. Sed in aut harum corporis. Sed sunt temporibus et cum. Nulla nam architecto dolor sit.'),(95,31,62,3,'Sed ut hic atque dolorem earum maxime. Provident officiis tenetur minus iusto quidem nobis. Suscipit rerum reiciendis ullam earum nisi quaerat itaque dolores.'),(96,41,24,3,'Non sunt occaecati maiores ad illo. Quam facilis et officiis sed iure ipsa cupiditate. Numquam molestias distinctio dolor quam et inventore non. Blanditiis voluptatibus consectetur modi.'),(97,41,29,3,'Enim sunt est nihil voluptas occaecati inventore cupiditate. Ut ipsum distinctio ut tempore. Debitis odit est eum sint. Laboriosam consequatur similique ut dolor corporis praesentium vitae.'),(98,30,26,3,'Possimus odio voluptas voluptatibus incidunt autem. Sit commodi quaerat deleniti assumenda. Officia ullam quam id incidunt et maiores tenetur.'),(99,46,31,4,'Maxime esse quia soluta harum. Debitis aut quos impedit deleniti nesciunt ut molestiae delectus. Et autem molestiae optio qui aut. Hic atque ipsa quo reiciendis.'),(100,10,73,5,'Non esse rerum et odio repellat est. Et nam et quos ut facilis. Est et minima nemo non. Minima maxime doloribus veritatis asperiores quaerat.');
/*!40000 ALTER TABLE `reviews_cources` ENABLE KEYS */;
UNLOCK TABLES;

--
-- Table structure for table `reviews_lessons`
--

DROP TABLE IF EXISTS `reviews_lessons`;
/*!40101 SET @saved_cs_client     = @@character_set_client */;
/*!50503 SET character_set_client = utf8mb4 */;
CREATE TABLE `reviews_lessons` (
  `id` int NOT NULL AUTO_INCREMENT,
  `lessons_id` int NOT NULL,
  `profiles_id` int NOT NULL,
  `mark` tinyint(1) NOT NULL,
  `comment` text,
  PRIMARY KEY (`id`),
  KEY `fk_reviews_lessons_lessons1_idx` (`lessons_id`),
  KEY `fk_reviews_lessons_profiles1_idx` (`profiles_id`),
  CONSTRAINT `fk_reviews_lessons_lessons1` FOREIGN KEY (`lessons_id`) REFERENCES `lessons` (`id`),
  CONSTRAINT `fk_reviews_lessons_profiles1` FOREIGN KEY (`profiles_id`) REFERENCES `profiles` (`id`)
) ENGINE=InnoDB AUTO_INCREMENT=101 DEFAULT CHARSET=utf8mb4 COLLATE=utf8mb4_0900_ai_ci;
/*!40101 SET character_set_client = @saved_cs_client */;

--
-- Dumping data for table `reviews_lessons`
--

LOCK TABLES `reviews_lessons` WRITE;
/*!40000 ALTER TABLE `reviews_lessons` DISABLE KEYS */;
INSERT INTO `reviews_lessons` VALUES (1,53,35,3,'Placeat quia ab non error expedita vel. Commodi non corrupti modi voluptatibus consectetur.'),(2,38,8,2,'Sed pariatur et porro. Quas cupiditate numquam excepturi harum eius. Alias nisi optio saepe officiis dolores nostrum et.'),(3,17,83,5,'Dolorem aliquid eveniet ipsa tempora. Animi ducimus et nemo blanditiis. Dolorem molestiae non ea consequatur voluptate quis corrupti.'),(4,9,65,5,'Blanditiis quis rerum ratione illo. Voluptas earum perspiciatis eos praesentium iusto. Beatae eos nihil ipsum nobis cum laborum aspernatur. Veniam facere consequatur qui nisi deserunt.'),(5,45,42,3,'Ipsam quia laboriosam ipsam ut. Et et nisi aspernatur unde suscipit quidem provident aut. Tempora reprehenderit aliquam porro est.'),(6,89,9,4,'Et sequi aut asperiores dignissimos. Praesentium delectus accusantium ut. Maxime repellat veritatis reiciendis debitis iure nemo possimus vero. Temporibus nostrum porro amet.'),(7,27,56,2,'Asperiores sunt dolor impedit recusandae magnam quia. Quod et inventore corrupti reiciendis. Quo id voluptatem ut consequatur tempore dolorem voluptatibus.'),(8,81,12,2,'Similique quia laborum esse facere repellat. Voluptas minima repudiandae itaque temporibus libero id. Tempora sit cumque minus eius. Eos tenetur vel error modi inventore nihil molestias.'),(9,61,82,3,'Veritatis cupiditate asperiores ut ut. Deserunt sunt dolorem omnis qui a nemo. Voluptas hic est ex earum hic odit.'),(10,44,26,3,'Minus voluptas beatae aperiam. Et saepe omnis animi qui. Est at et aut quo placeat vel aut. Ad voluptates autem voluptas. Recusandae autem magni et accusantium.'),(11,26,57,5,'Et et minima nam quis saepe quos magni. Suscipit sed debitis voluptatum occaecati error non asperiores. Sit fugit dolores sequi non officia sed ut quasi.'),(12,94,68,5,'Aut eaque inventore quo qui. Consequatur id harum voluptatem ut voluptas fuga qui. Numquam omnis at quo provident.'),(13,48,98,4,'Velit dignissimos dolor quas ut sint. Optio enim quia et corporis reiciendis illum. Quis eaque maxime eligendi rem odit quia nihil. Qui saepe quaerat voluptas dolores quia.'),(14,94,82,5,'Possimus cum aspernatur reprehenderit maiores. Aliquid explicabo voluptas numquam velit ea maiores omnis. Dignissimos sit dolores nihil similique a non omnis.'),(15,77,55,4,'Nihil vero ut voluptas nihil autem iusto deserunt. Ea rerum fugiat qui quam.'),(16,50,30,4,'Eveniet ullam dolorem veritatis voluptas ex esse sit. Recusandae quia nostrum vel voluptatibus quis optio autem. Dignissimos sapiente velit ullam quibusdam.'),(17,89,88,2,'Cum magnam soluta et odio explicabo. Necessitatibus voluptatum impedit quis libero. Et numquam quam voluptatem possimus quia nesciunt est. Dolores aut suscipit quae qui architecto natus dolor.'),(18,38,6,5,'Perferendis id temporibus quis sunt exercitationem. Suscipit labore eveniet quo et ea libero unde ea. Aut accusantium exercitationem similique quia officiis provident.'),(19,71,46,2,'Eos incidunt ut dolorem nihil voluptatem. Saepe aut voluptas quaerat voluptas. Et eos rerum qui. Maxime omnis molestiae nobis nam delectus dolorem.'),(20,70,15,5,'Natus nisi inventore minima perspiciatis aut omnis sint. Atque id pariatur unde repellat. Hic fuga quia modi consequatur. Facere ullam alias laborum ab.'),(21,88,58,2,'Sed debitis aliquid incidunt doloremque dolorum. Voluptatem exercitationem accusamus quia at et et.'),(22,24,15,2,'Deleniti sed aut corrupti alias consequuntur voluptatum. Non enim voluptatibus ab eveniet velit architecto dolorem velit. Amet illum hic corporis qui dolorem.'),(23,14,4,3,'Quod quas placeat minima ea. Id et voluptates iusto quia eos modi. Tempore enim iusto sit. Quis consequatur iste dolorem molestias.'),(24,26,74,5,'Sunt sit omnis voluptatibus fugit neque. Dolores qui veritatis quis voluptate aut quasi eveniet ut. Nemo quaerat corporis aspernatur adipisci est. Voluptatum vel rerum labore veritatis.'),(25,85,69,2,'Rerum est enim rerum nemo. Ab nihil et sit debitis excepturi necessitatibus nobis ut. Deserunt sit perferendis dolorem dolorem sapiente.'),(26,100,10,2,'Porro doloribus temporibus et maxime similique ipsum. Repellat fuga ut ipsam iste. Possimus quasi temporibus consequatur.'),(27,26,93,3,'Et reiciendis est nam. Ea maxime voluptas nam debitis sit. Dicta et architecto molestiae a.'),(28,77,73,2,'Inventore animi veniam tempora eos quia iure omnis. Rerum quae officiis hic qui. Cum ab exercitationem consequatur. Maxime at in sit vel ipsum corporis qui.'),(29,90,71,4,'Optio optio rem voluptatem eum fuga. Exercitationem commodi in enim amet. Odit quisquam quibusdam pariatur in qui. Reiciendis dicta ut ut consectetur.'),(30,54,67,2,'Est ipsam nihil aut natus voluptates neque soluta est. Eveniet aut nisi molestiae laboriosam quis temporibus aliquam. Libero animi quia nemo fugiat expedita velit.'),(31,25,4,5,'Quo ut ea dolorem sequi est qui. Voluptatum autem eius consequatur dolorem inventore ut molestiae. Minima molestiae recusandae rerum laborum pariatur eum debitis architecto.'),(32,97,14,4,'Ducimus iusto tempore quis. Est est ut omnis porro hic illo sunt. Voluptates architecto deleniti aliquam culpa animi quis.'),(33,91,34,3,'Voluptas laborum sit minus consequatur in. Sapiente reprehenderit molestiae dolor est et alias eum corporis. Ad molestiae nihil officia quo.'),(34,19,62,4,'Cumque recusandae aut quis nulla sed praesentium. Qui velit qui aut maxime in aut accusantium.'),(35,80,89,4,'Possimus odit id et iste id pariatur. Ut sapiente corporis dicta dicta illo fuga quia. Aut assumenda iure ut assumenda impedit sed.'),(36,76,67,5,'Doloremque similique et provident reiciendis sequi qui. Aut aspernatur qui cum ea.'),(37,47,99,3,'Et officiis at delectus aut ipsum culpa saepe. Ex velit sint iusto ea corporis. Impedit aut quo fuga consequatur. Sint rem dolor quisquam consectetur voluptates.'),(38,82,61,3,'Necessitatibus sit possimus voluptatem pariatur. Sit ad sit ab voluptatem tempore. Sapiente aut id pariatur occaecati.'),(39,3,7,5,'Quod doloremque eius reprehenderit doloremque ipsa dolores qui. Magnam eius corrupti nisi. Vel non maxime ea exercitationem minima voluptas reiciendis.'),(40,35,87,5,'Fugit sed error aut libero voluptatem aut. Explicabo at optio commodi iure ab. Et est nobis fuga. Dignissimos beatae sapiente aliquid sunt neque.'),(41,76,34,4,'Quia natus at laboriosam autem consequatur. Quo rerum tempore praesentium iusto magnam. Qui sed sint ut ut est enim itaque.'),(42,97,2,2,'Quos laboriosam sit similique suscipit. Voluptas provident facilis beatae ut et autem deleniti.'),(43,27,74,5,'Ea sed aut quis velit ut veritatis. Repellat dolorum dolorem rerum ex ipsa non. Molestiae minus omnis vero perspiciatis.'),(44,75,17,5,'Quisquam quos modi enim animi magni ducimus possimus. Quia quisquam voluptates aut deserunt eos voluptates quisquam corrupti. Deleniti qui fugit odio totam fugiat ut blanditiis ea.'),(45,44,29,2,'Omnis voluptatem corrupti omnis et ut velit. Voluptatum consequatur accusantium qui ipsum repellendus.'),(46,84,69,2,'Perspiciatis et nisi sit illo. Fugit et voluptate omnis similique. Quis ducimus consequuntur reprehenderit quas possimus praesentium.'),(47,32,80,2,'Ut libero odit omnis rerum qui. Porro voluptatum quia placeat quos. Pariatur qui voluptas modi odit est.'),(48,83,23,2,'Eaque ut autem sed suscipit vitae veniam error. Dolorum fugit eum sint dolorem doloremque dolorem est fugit. Quam animi et eius excepturi perspiciatis corrupti.'),(49,13,1,5,'Sed sed omnis aspernatur qui. Fugiat corporis qui delectus minus tempora et id. Et commodi ex sunt.'),(50,84,92,5,'Et voluptatem magnam temporibus at sed voluptas a qui. Sunt et commodi pariatur iste. Et autem ullam enim similique temporibus quos quidem officiis. Natus eum et culpa.'),(51,90,60,2,'Molestias magnam molestiae voluptate est eos nisi. Adipisci numquam exercitationem libero.'),(52,59,37,3,'Officia necessitatibus doloremque consequatur totam et qui. Perspiciatis dolor et nisi nam. Natus eos autem molestiae aspernatur fuga nemo voluptates.'),(53,59,40,3,'Vitae iste vitae ab autem sit non. Sunt commodi eum consequuntur qui. Maiores et ad dolore aut ipsam qui. Sunt libero omnis quibusdam corrupti. Aut perspiciatis libero corrupti quis.'),(54,97,61,5,'Eligendi aliquam ex vero dolor nihil qui facilis. Cupiditate exercitationem ut reprehenderit atque nostrum. Quae velit aliquam saepe voluptatem.'),(55,47,31,5,'Qui similique quis repellendus sint aliquid quis et. Ratione numquam mollitia ad incidunt. Aut nihil officia quo cumque. Sed labore qui voluptatum.'),(56,47,23,2,'Sint et beatae libero consequatur. Commodi labore molestias sequi aspernatur. Veritatis excepturi ab explicabo qui aut et numquam cumque. Enim vel et at qui impedit doloremque sed error.'),(57,64,44,3,'Odio ut ut natus perspiciatis fugiat molestiae. Assumenda ea et explicabo perspiciatis numquam. Possimus enim suscipit illum cumque.'),(58,24,91,5,'Ut tenetur libero aliquam quis unde. Possimus voluptas laudantium fugiat commodi vel. Quis ducimus maiores dolor quo accusantium.'),(59,17,99,3,'Suscipit et ut id voluptates. Quasi libero consectetur tempora aliquid ipsum dolorem et. Dicta commodi delectus eum odio nesciunt eos. Saepe at possimus molestiae voluptatum.'),(60,7,60,4,'In dignissimos sunt atque aliquam. Esse pariatur temporibus est harum accusamus voluptate quia. Non excepturi veritatis est. Rerum repellendus est ut sed quo.'),(61,27,90,5,'Et non distinctio necessitatibus quos et odit voluptates. Laudantium totam reprehenderit et ipsum culpa est iusto. Sequi eveniet iusto fugiat nulla voluptas et odit excepturi.'),(62,29,58,5,'Doloremque corporis eligendi nobis vitae atque. Ut natus quae placeat animi voluptatibus. Voluptas et provident commodi placeat ut et. Consequuntur alias quia voluptas ut sint.'),(63,69,11,2,'Et excepturi aliquam iste velit qui. Accusantium fuga ducimus ut sed quia.'),(64,81,82,5,'Cupiditate est quod officia consequatur repellendus. Voluptatem porro iusto voluptatem eum eius neque earum. Pariatur exercitationem culpa quod sequi omnis cupiditate.'),(65,12,65,4,'Nulla fuga fugit consequatur sapiente. Deleniti aut sed recusandae qui. Ut sint vel magnam voluptate.'),(66,74,1,3,'Temporibus vel quaerat et. Est ut explicabo error enim voluptatem perspiciatis necessitatibus. Natus dicta placeat quaerat. Temporibus quae eaque et optio exercitationem sit omnis commodi.'),(67,24,32,4,'Aut commodi dolorem quas exercitationem. Vel autem facere aliquid voluptate aut. Libero quis officiis aut quo. Et repudiandae quae ea sunt molestias.'),(68,38,82,4,'Dicta soluta sed ducimus. Vitae quae dolores et quas dolorem nihil nobis dolor. Non vel fugit impedit vel qui enim vitae. Voluptatem est qui dicta rem.'),(69,72,34,3,'Est nisi illum tempora velit numquam tempore. Et quaerat natus dolores a autem perferendis.'),(70,42,19,2,'Eos est non sit. Eum saepe laboriosam dicta voluptas molestiae sunt. Molestiae amet officia in provident laboriosam eos labore quibusdam.'),(71,64,89,4,'Doloremque sapiente ea dolorum quam et impedit. Voluptatem dolorem tenetur sit excepturi. Dolorem sed voluptas sint voluptas porro. Eius enim aut ut vitae ad.'),(72,41,28,5,'Tempore quam aliquam rerum dolore. Sed distinctio aliquam magnam corrupti fugit. Possimus voluptatem rerum sunt dolorem et ex. Aut quod autem magni debitis quam fugiat.'),(73,32,65,4,'Quas architecto rem eveniet ut autem sequi velit. Et aliquam ducimus tempore. Aliquam veniam quis dolorem voluptatem. Itaque recusandae maiores aliquid maxime.'),(74,18,48,3,'Suscipit dolor pariatur eius amet. Doloremque autem suscipit blanditiis aut laborum est id doloremque. Molestias doloremque voluptatem id iusto.'),(75,63,25,4,'Quia aut voluptatibus expedita molestiae amet natus. Inventore sit eligendi laboriosam molestias voluptatem totam ut. Iure magnam magnam aperiam id.'),(76,8,89,5,'Explicabo cupiditate blanditiis et excepturi. Dignissimos recusandae beatae sed. Nemo aut qui fuga in rem eos quis cupiditate. Aut rerum corporis pariatur fuga repellat.'),(77,14,37,2,'Beatae tenetur eaque fuga minus voluptatem. Rerum molestiae voluptatem consequuntur itaque aut nostrum. Consectetur sit enim ut. Nihil autem autem dolores molestiae sed est.'),(78,47,83,5,'Nihil qui labore maxime unde non magni. Voluptas sit et at debitis veritatis et. Possimus voluptatem autem eveniet hic et. Repudiandae enim accusamus vel beatae enim quod saepe.'),(79,47,28,4,'Saepe eligendi ducimus in. Ratione hic culpa fuga quasi consequatur. Maxime tempore cupiditate velit reiciendis minus consequatur est.'),(80,64,58,2,'Est natus atque non eveniet omnis eum. Officiis id repellendus minima iusto rerum. Vero similique dolor est possimus est. Tempora nemo deserunt dignissimos cumque labore.'),(81,92,37,5,'Quia facere dolorem a omnis sit alias laboriosam. Beatae iusto ratione necessitatibus cumque. In porro aliquid dolorem assumenda a quo quis.'),(82,59,15,4,'Odit repudiandae ut qui. Veniam enim ut asperiores. Omnis iure ut esse magni aut aut. Exercitationem atque repellendus aut.'),(83,69,97,2,'Adipisci officia eos vitae id reprehenderit. Illo nesciunt error at. Necessitatibus voluptatem et nisi accusantium et. Et est quaerat quia nobis.'),(84,97,41,3,'Doloremque quia quo cumque quos. A tempora quidem numquam omnis nihil eos dolorem. Et provident esse vero tempore quos. Provident hic nemo molestiae omnis deserunt quia.'),(85,30,39,5,'Explicabo quae et non ipsa. Atque sequi est consequuntur. Nam sed iusto tempora culpa repudiandae quia.'),(86,60,94,5,'Maxime occaecati et est vel. Et tempore harum facilis ratione maxime pariatur.'),(87,28,100,2,'Recusandae consectetur aut consequatur quia non aut. Fugiat similique assumenda ea et necessitatibus. Minima quibusdam nihil molestiae illum sunt. Dolores qui magni corporis dolorem quo dolor beatae.'),(88,22,60,4,'Voluptatem quis corrupti fuga perferendis dolore et. Sunt ratione est qui voluptatum sed maxime. Ipsa corporis voluptates totam velit. Consequuntur fugit aspernatur distinctio quo nemo ea in.'),(89,65,39,5,'Dolores quia facilis placeat est. Aut culpa dolore distinctio qui nulla mollitia.'),(90,8,28,2,'Hic itaque voluptas voluptatem maiores assumenda. Rerum accusamus ea impedit ea neque eveniet quae at. Doloribus modi quis sunt velit accusamus.'),(91,63,16,2,'Aut temporibus repellat recusandae minus maxime. At perferendis esse a iste aut nihil ipsam.'),(92,17,77,5,'Tempora ut ad maiores quidem omnis dignissimos fugiat nam. Est vitae quia suscipit mollitia corrupti deserunt. Eos ea quos voluptatem dignissimos.'),(93,52,64,3,'Ut quia voluptas aut id incidunt aut voluptate. Quasi iusto suscipit atque nulla culpa ut. Dolor quod omnis temporibus unde autem cumque. Ut quidem culpa ut voluptas est numquam molestiae.'),(94,59,98,2,'Rerum consequatur fugiat rerum rerum. Rerum impedit facere quasi molestiae corporis rerum. Ullam unde ipsum omnis est aut repellendus voluptatem. Vel qui amet in velit.'),(95,91,23,5,'Optio accusantium voluptatem dolorem et qui. Totam non tenetur necessitatibus voluptate non ad. Possimus hic esse dolores et voluptates.'),(96,56,82,4,'Debitis voluptas accusamus repellendus nesciunt illum fugit. Sunt quidem harum a corrupti. Ut aspernatur unde ullam voluptas dignissimos et accusamus. Dolor quasi qui perspiciatis ut saepe et et.'),(97,60,15,5,'Earum sit tempore omnis doloremque velit odit enim. Error dolor molestiae odit earum itaque dolores non est. Quae culpa illum neque minus.'),(98,97,28,2,'Ipsa saepe cupiditate eveniet dolores. Ad sunt voluptatibus fugiat ut laborum quisquam. Quasi tempora dignissimos porro enim. Quae architecto fugiat qui.'),(99,11,94,4,'Saepe ex quasi eum esse eum. Blanditiis expedita labore voluptatem sapiente non ex vel. Qui quas fugit et occaecati.'),(100,69,41,4,'Nostrum voluptas explicabo quia vero. Non quisquam enim quibusdam aperiam. Magni voluptates aut maiores enim eos est.');
/*!40000 ALTER TABLE `reviews_lessons` ENABLE KEYS */;
UNLOCK TABLES;

--
-- Table structure for table `reviews_practice`
--

DROP TABLE IF EXISTS `reviews_practice`;
/*!40101 SET @saved_cs_client     = @@character_set_client */;
/*!50503 SET character_set_client = utf8mb4 */;
CREATE TABLE `reviews_practice` (
  `id` int NOT NULL AUTO_INCREMENT,
  `practical_works_id` int NOT NULL,
  `profiles_id` int NOT NULL,
  `mark` tinyint(1) NOT NULL,
  `comment` text,
  PRIMARY KEY (`id`),
  KEY `fk_reviews_practice_practical_works1_idx` (`practical_works_id`),
  KEY `fk_reviews_practice_profiles1_idx` (`profiles_id`),
  CONSTRAINT `fk_reviews_practice_practical_works1` FOREIGN KEY (`practical_works_id`) REFERENCES `practical_works` (`id`),
  CONSTRAINT `fk_reviews_practice_profiles1` FOREIGN KEY (`profiles_id`) REFERENCES `profiles` (`id`)
) ENGINE=InnoDB AUTO_INCREMENT=101 DEFAULT CHARSET=utf8mb4 COLLATE=utf8mb4_0900_ai_ci;
/*!40101 SET character_set_client = @saved_cs_client */;

--
-- Dumping data for table `reviews_practice`
--

LOCK TABLES `reviews_practice` WRITE;
/*!40000 ALTER TABLE `reviews_practice` DISABLE KEYS */;
INSERT INTO `reviews_practice` VALUES (1,57,76,2,'Harum quia deserunt magnam qui soluta culpa. Voluptatem deleniti odio voluptatem qui dolorem magni illo.'),(2,47,93,2,'Voluptas neque ut voluptas rerum in magni. Et ratione sunt dignissimos quia laboriosam et cum. Ullam voluptatem ratione voluptatem vitae deserunt. Sapiente consequatur ad rem.'),(3,58,80,2,'Non ipsum debitis error expedita. Natus dolor nisi hic repellendus. Rerum ducimus voluptatem suscipit aut autem molestiae. Aut sed illo ut.'),(4,68,47,3,'Dolor doloremque inventore sunt qui eligendi et est. Et nemo minima est nam numquam qui et. Temporibus magnam nihil at quaerat nihil ipsa temporibus.'),(5,63,29,3,'Saepe ea explicabo est cum officia asperiores. Ea et aut tenetur voluptas possimus accusamus. Nobis quos ratione fugiat ut omnis.'),(6,36,27,5,'Ex id rerum voluptas doloremque soluta quia. Quis reprehenderit possimus deleniti velit et ducimus ullam. Qui maxime culpa molestias autem inventore.'),(7,18,11,4,'Tempora dignissimos numquam atque reiciendis dicta. Consequuntur itaque velit nihil itaque consequatur placeat. Omnis ex qui fuga non.'),(8,64,42,5,'Quis tenetur rem et fugit sit asperiores unde. Modi non minima praesentium nisi fugiat quae.'),(9,2,33,2,'Vel velit porro animi dignissimos dignissimos qui. Quibusdam sint eaque ut quia at dicta magnam. Earum quia omnis vel earum quas modi.'),(10,84,8,4,'Explicabo suscipit id maxime corrupti enim voluptatibus magnam. Illum pariatur necessitatibus quo. Inventore aliquam ducimus earum quos ut et.'),(11,62,4,2,'Et qui distinctio quis reprehenderit. Voluptatem officia veniam cum provident autem ut consequatur aliquam. Aut provident itaque magni sint aut officiis.'),(12,39,23,3,'Aspernatur numquam architecto adipisci libero eaque. Est minima provident numquam eveniet labore non. Fuga ullam dolore debitis et dolorem accusantium fugit dicta.'),(13,2,52,2,'Nihil consequatur et dolores quia quis. Quasi qui veritatis harum tempora molestias. Facilis molestiae reprehenderit est dolor atque sit similique maxime. Facere at pariatur omnis est iste.'),(14,96,38,4,'Commodi numquam inventore modi. Sit nisi eius magni possimus. Occaecati est quam numquam repellat et. Quidem consequuntur sint quis provident pariatur similique.'),(15,66,39,4,'Ipsa eius est cumque aut dicta. Minima magni ut ipsum dicta. Est et minus doloremque qui enim. Facilis dolores sint earum voluptates libero.'),(16,85,23,4,'Et suscipit quia soluta architecto ut numquam. Repudiandae ex enim beatae occaecati ut. Et eos laudantium temporibus rerum.'),(17,15,32,5,'Ex voluptatibus repellendus itaque qui voluptates. Minus dicta cumque possimus. Rerum laboriosam quo veritatis voluptatem explicabo.'),(18,15,72,3,'Reiciendis sit ipsam veritatis pariatur. Molestias eos eos rerum hic mollitia sunt. Quidem aliquid laborum impedit est enim quaerat dignissimos qui. Mollitia autem a eveniet vel.'),(19,12,83,4,'Reprehenderit eos quia sint cumque et placeat aperiam. Maxime dolore et ducimus rerum.'),(20,19,75,4,'Commodi consequatur et excepturi. Qui animi tenetur dolorum excepturi ea quidem amet.'),(21,12,55,5,'Consequuntur impedit non optio earum. Corporis voluptatem modi sed ut. Eveniet doloremque et sint quo.'),(22,1,30,4,'Explicabo dolor inventore laudantium dolorum architecto laborum. Aut praesentium ut maxime. Quos dignissimos et voluptatum.'),(23,65,64,3,'Et odio ducimus eligendi facilis in at sunt ea. Est quas repellendus dolore illo. Quos reprehenderit quia praesentium est qui a est. Nesciunt porro aut et voluptate hic dolorem.'),(24,71,67,4,'Amet vel ut ea in. Repellat ipsum explicabo provident quis et praesentium harum dolorem. Expedita eum sed quae nisi. Dolor deleniti quam facilis odio quidem in nesciunt rerum.'),(25,97,55,2,'Dolor et illum illum quia. Ex ab voluptates quos sunt rerum suscipit reiciendis. Libero possimus aperiam voluptas distinctio. Sed ratione quia dicta amet aut delectus.'),(26,74,58,5,'Odit asperiores et eos doloribus ullam. Sed possimus aut tempore officiis est rerum. Quibusdam itaque aut quis molestiae molestiae. Facere nihil laborum iusto commodi ducimus mollitia tempore quis.'),(27,58,13,5,'Sed praesentium hic rem. Eos et quos sunt aspernatur facere distinctio. Numquam sed facilis quis quia dolore. Omnis omnis perspiciatis ut eligendi.'),(28,81,60,4,'Ullam dolor quaerat omnis nostrum. Aut ea reiciendis et sed est saepe. Est ducimus tenetur aut placeat dolor quod omnis. Rem quas ea ut voluptatum ab qui.'),(29,64,76,2,'Hic sint consequatur et quasi voluptatem. Aut quo esse laudantium occaecati nihil voluptates. Omnis qui quae et tempore officiis expedita occaecati placeat. Omnis dolor suscipit et quibusdam minus.'),(30,97,30,3,'Esse aliquam vel qui consequatur. Accusamus eos voluptatem alias voluptatem aut et. Repellat autem rerum quia hic qui.'),(31,14,81,5,'Quidem temporibus veniam ut vitae ad est ut. Illo est voluptate eveniet cum blanditiis. Molestiae sed voluptatem qui.'),(32,53,28,5,'Velit dicta beatae illo est ab. Facilis occaecati ducimus eos rerum. Et qui qui nisi consectetur illo et eveniet. Voluptas architecto et autem voluptate et reprehenderit.'),(33,13,68,3,'Doloribus a omnis dolor incidunt. Nihil blanditiis quas exercitationem magnam. Beatae facere temporibus aperiam. Alias eveniet in et excepturi velit.'),(34,100,24,4,'Consequuntur cupiditate qui quis mollitia labore. Facere quo laudantium totam officiis sunt nihil. Quis voluptatem tempora quisquam quae.'),(35,50,18,4,'Odio in aut quam expedita suscipit quasi. Veritatis hic quos dignissimos quod sit. Laudantium fugit exercitationem in rem ut. Corporis accusamus qui sit consequatur ut vel facere.'),(36,98,62,3,'Quas voluptatibus dolor fugit. Quidem omnis eligendi rerum fuga corrupti aut libero. Expedita et corporis voluptatibus totam expedita.'),(37,72,99,5,'Et aut nesciunt doloribus illum. Ut et quod omnis iste. Et et corporis similique quia molestias. Earum pariatur quae dolores nobis iusto aut.'),(38,91,37,3,'Officiis ab voluptatem molestiae est non qui. Quas molestiae veritatis delectus quia nam sed ratione. Dolore et et sed consequatur.'),(39,63,61,3,'Sapiente ratione modi optio fuga commodi. Facilis sed est in numquam. Enim pariatur aut tempore. Similique officiis voluptate molestias velit voluptatem provident.'),(40,3,59,4,'Hic aut esse quam ut. Neque et voluptatem sed inventore repellendus numquam. Facilis ut vel ea ut.'),(41,16,77,4,'Dicta dolores sed unde ea asperiores praesentium veniam. Repellat voluptatem culpa sint excepturi modi voluptatem sunt. Quia asperiores quis quo molestiae quaerat velit.'),(42,17,73,4,'Odio facilis voluptate voluptatibus et dignissimos nisi voluptas. Aliquid amet dolore officia temporibus excepturi. Corporis beatae quaerat debitis. Eaque qui pariatur autem atque perspiciatis id.'),(43,90,97,3,'Tempora sint neque expedita adipisci soluta. Sequi enim rem atque magni. Eveniet laboriosam beatae et hic. Voluptatem maiores suscipit et aut libero corporis ipsam.'),(44,32,54,4,'Natus iure nemo nostrum ducimus et architecto voluptatem. Corporis voluptatibus voluptatem dicta reiciendis asperiores. Dolores quasi beatae debitis sit sequi enim. Sit explicabo eius aut aut.'),(45,73,28,2,'Saepe debitis ipsam laboriosam ex. Molestiae est ea reiciendis aperiam. Odit aspernatur est et blanditiis eum at. Quis nobis sunt aliquid dolorem odit eos.'),(46,84,86,5,'Quod dolores rerum natus voluptatem repudiandae rerum aspernatur assumenda. Consequatur illo vel explicabo et sed est doloremque deleniti. Quo natus laboriosam vel fugiat aut ut expedita.'),(47,9,36,4,'Quisquam ut blanditiis repellat rerum quod sint. Reprehenderit vero possimus sunt. Impedit enim quisquam laudantium et ad. Molestias ut voluptatem nemo labore fugit.'),(48,14,21,5,'Voluptas odit quo libero sint repellat. Facere ea quibusdam velit odio fugiat harum. Cumque numquam fugit velit consectetur voluptatum earum laboriosam.'),(49,3,14,3,'Nam nemo reiciendis qui architecto. Harum adipisci et molestiae. Consequatur molestiae ut rem.'),(50,45,53,2,'Ipsa in neque animi dolorum. Doloribus aut accusantium optio quis beatae. Modi temporibus ullam eum illum possimus.'),(51,31,43,4,'A reiciendis perspiciatis harum. Ullam et dolorum alias explicabo at esse quaerat. Ea rerum earum ut et dolores aut consectetur sit.'),(52,14,3,3,'Aut sit voluptates quod iusto distinctio. Voluptatem blanditiis sit numquam eum autem. Consequatur animi ea minus et ut officia tempore. Dolor in magni neque iste repudiandae aut unde consequuntur.'),(53,42,5,3,'Saepe illum labore voluptas debitis perferendis. Inventore non debitis hic consequatur ullam. Vitae tempore rerum aut dolores.\nVoluptatem ipsam qui ut. Fugit optio sed voluptatem quia a.'),(54,40,4,3,'Et sapiente qui quas sunt cupiditate omnis nemo. Saepe laboriosam at laudantium quia. Ut voluptates natus et reprehenderit ut. Quia omnis quas praesentium minima consequatur.'),(55,66,42,5,'Quo aut hic harum ipsam rerum saepe. Repellat et impedit et unde mollitia sed repellendus.'),(56,63,81,4,'Iusto corrupti labore eos ipsum aut sit ut amet. At ducimus fugiat atque repellendus rerum. Fuga sequi qui voluptatem voluptas tempora assumenda. Quia quaerat maxime ipsam numquam.'),(57,19,80,5,'Dolorem sint rerum enim porro. Possimus et ipsam minus ducimus animi. Quis illum nam ea sit similique.'),(58,53,8,5,'Vitae facere qui dolores. Molestiae ab quia et officiis voluptas quia amet.'),(59,76,85,4,'Quo sint qui nemo tempora. Sit illum natus ipsa. Consequatur hic asperiores mollitia dolorem at dolores eos. Veniam qui ut dignissimos quo commodi.'),(60,61,48,4,'Et et sit eos assumenda et. Sint velit unde in ut repellendus eum dolorem. Soluta soluta quis harum molestiae maxime. Perspiciatis fugiat velit aut repellendus quo.'),(61,13,44,2,'Rem beatae est eligendi atque ut omnis. Optio voluptatem quia atque aut dolorem necessitatibus corrupti molestias. Ullam quia voluptatem doloribus.'),(62,34,21,4,'Velit tempora impedit rerum harum. Suscipit id eum et et ut id sunt.'),(63,80,48,4,'Accusamus aspernatur sed eius. Iste ducimus sit non exercitationem unde debitis explicabo. Sunt aspernatur laudantium voluptatibus.'),(64,42,83,4,'Dolores ea non saepe voluptatem. Veniam quam et distinctio dolor voluptatem dolores iusto ipsa.'),(65,61,87,4,'Omnis quia minima aperiam pariatur possimus. Assumenda quis aut voluptatibus dolor quidem reiciendis laboriosam. Ab expedita saepe nulla magnam sint ut consequatur. Sunt et exercitationem aut.'),(66,35,92,5,'Facilis ut voluptates quo doloribus architecto omnis quas ad. Sit voluptatem amet aspernatur eos. Veritatis illum voluptas qui.'),(67,29,49,4,'Aliquid ullam nostrum sit iusto sit vel ut perferendis. Aliquam rerum fuga vitae tempora possimus. Vel doloremque commodi et dolore eum ut.'),(68,95,71,2,'Nobis ipsam et enim atque quas natus autem. Itaque adipisci est tempore veniam autem facilis dolores asperiores. Ea repellendus et optio culpa. Ut quo aut dolor assumenda.'),(69,54,34,5,'Libero aut illo rem ut. Consequuntur enim dignissimos porro iusto et natus. Quas inventore molestias impedit aut corrupti non.'),(70,75,19,5,'Et quis deserunt quae adipisci beatae magni architecto. Alias ipsa et vero non sed. Excepturi at sit ad aliquid ab quae labore. Rerum ducimus quo modi.'),(71,76,37,4,'Reprehenderit eos temporibus veritatis voluptatem dolorum. Voluptatem optio vel omnis sit accusamus officia. At et asperiores in eius voluptate.'),(72,100,95,5,'Et qui et qui voluptate aut numquam fugiat. Officiis quidem cumque quo sit. Autem deserunt quae sint ducimus nostrum dignissimos. Illo laboriosam nihil esse est.'),(73,16,53,2,'Error et eum et et est magnam rerum. Dicta omnis sit quam blanditiis et illo doloremque. Ad occaecati delectus aut voluptatibus molestias. Non qui atque dolore qui hic.'),(74,2,92,2,'Reiciendis atque nihil porro. Assumenda dolores facilis officia doloribus pariatur. Consequatur mollitia sunt doloremque nulla. Enim ducimus magni ea et dolore officiis error cumque.'),(75,37,63,4,'Fuga earum ipsa nam harum ullam. Est autem dicta recusandae unde. Commodi libero ipsa vel sequi quos blanditiis magni. Ratione et voluptatibus sapiente provident beatae.'),(76,40,49,3,'Reprehenderit excepturi quidem quia error est. Eaque consequuntur maiores nihil non explicabo molestiae consectetur. Unde beatae et quam molestiae nulla omnis voluptatem illum.'),(77,7,74,3,'Iste dolorem eos vitae. Dolor officiis assumenda voluptatum dolores repellendus magnam. Modi non qui totam est qui ut doloribus. Ut amet autem numquam autem in recusandae.'),(78,70,87,5,'Ex at maiores et sunt. Consequatur aut non atque harum temporibus sit impedit. Dolorem accusantium in rerum est rerum. Incidunt illo quia et officia impedit qui amet.'),(79,21,11,2,'Et nisi nemo voluptatem iusto temporibus. Tenetur recusandae libero et cum quaerat et. Incidunt eius ut fugit quia.'),(80,69,82,3,'Quia eaque vel ratione corporis. Vel vel iusto fugiat occaecati est. Veniam eos asperiores neque. Aut repellat qui ipsam natus esse voluptatem ipsa.'),(81,98,4,3,'Et eaque in nostrum aut repellat fuga doloremque. Nesciunt dolores dolorem molestiae. Est velit ad expedita praesentium.'),(82,74,26,3,'Animi quam ea atque modi dolorem. Quia sint repudiandae aut temporibus. Laudantium odit facilis porro excepturi eum quibusdam.'),(83,53,68,5,'Ut nihil qui et voluptas delectus. Et rem iure magni autem quia. Atque cum accusamus quis et sequi. Perspiciatis quia qui quod amet ducimus facilis ipsa.'),(84,97,6,5,'Id quos dignissimos quae minus tempore sit excepturi. Eum inventore tenetur et dicta soluta. Soluta dolorum at cum et incidunt. Iure et animi eius neque.'),(85,2,71,3,'Quaerat consequatur reprehenderit officia omnis neque culpa. Inventore suscipit ab ea autem ducimus qui aspernatur suscipit. Hic qui et aut quos sint. Esse fugiat aliquid eveniet enim et.'),(86,24,77,2,'Sed ipsam dolor culpa accusantium aut. Qui ad sit fugiat modi quia quo.'),(87,8,23,3,'Quis mollitia illo architecto ut. Provident ex quia fugit nisi quo ullam. Numquam impedit et delectus. Consectetur animi esse natus vero non sint voluptates.'),(88,71,24,2,'Officiis quos voluptatem doloribus. Est qui beatae dolores adipisci cumque est. Consequatur et ut earum nesciunt ullam. Suscipit omnis quo animi sit.'),(89,75,73,3,'Qui ea mollitia molestias ea qui fugiat. Sequi vel inventore quos quisquam. Provident dicta sunt tempora dignissimos odit. Alias iure qui enim quam qui magni.'),(90,15,12,5,'Iure placeat placeat et tenetur vitae et. Perspiciatis aut at blanditiis aperiam suscipit. Velit aut eaque deserunt sit. Asperiores sint quidem amet voluptate ipsum.'),(91,35,55,2,'Sed veritatis officiis atque numquam rem quae quo. Facere quis suscipit magnam sit soluta nam similique. Eius ad sed tenetur doloribus nobis. Rerum et ratione voluptates quasi illum illo.'),(92,61,42,2,'Sequi excepturi dicta est est ea. Enim rerum nobis exercitationem nostrum eveniet voluptatem. Ea cupiditate eligendi aperiam cumque veniam error sint.'),(93,28,30,5,'Quidem omnis debitis pariatur modi natus cum. Sint minus rerum commodi quis molestias ut culpa. Ut vitae nisi natus sit modi odio. Quos optio delectus inventore voluptatem consequatur quod.'),(94,28,49,2,'Consequatur reiciendis quaerat non velit dolores qui consequuntur. Cupiditate officiis sed nihil dolor. Similique mollitia voluptatum velit accusamus pariatur. Non adipisci sit deserunt ratione.'),(95,41,97,3,'Quis quisquam molestiae odio placeat. Nostrum itaque a aut dolorem blanditiis doloremque. Error commodi perferendis est est. Dignissimos veniam molestiae ad nihil.'),(96,31,38,5,'Numquam quia aut temporibus consectetur. Voluptas voluptas aut enim officia suscipit qui. Harum minima delectus nam ex blanditiis.'),(97,100,4,2,'Illum saepe ut sint exercitationem et impedit. Ut quis aut necessitatibus fuga et. Mollitia aut enim minus error nobis eos perspiciatis. Magnam deleniti vel soluta et at reprehenderit.'),(98,64,52,2,'Et impedit nisi aliquid nulla inventore. Perspiciatis animi voluptatibus qui placeat.'),(99,71,60,4,'Et dolores tenetur cumque amet pariatur. Corrupti sunt labore voluptate qui aperiam sit. Consectetur et sequi voluptate dicta amet.'),(100,57,72,5,'Est aperiam dicta perferendis nulla soluta laudantium repellat. Earum rerum itaque ipsam dolores expedita eligendi.');
/*!40000 ALTER TABLE `reviews_practice` ENABLE KEYS */;
UNLOCK TABLES;

--
-- Table structure for table `status_on_course`
--

DROP TABLE IF EXISTS `status_on_course`;
/*!40101 SET @saved_cs_client     = @@character_set_client */;
/*!50503 SET character_set_client = utf8mb4 */;
CREATE TABLE `status_on_course` (
  `profiles_id` int NOT NULL,
  `courses_id` int NOT NULL,
  `status` bit(1) NOT NULL DEFAULT b'0',
  KEY `fk_status_on_course_profiles1_idx` (`profiles_id`),
  KEY `fk_status_on_course_courses1_idx` (`courses_id`),
  CONSTRAINT `fk_status_on_course_courses1` FOREIGN KEY (`courses_id`) REFERENCES `courses` (`id`),
  CONSTRAINT `fk_status_on_course_profiles1` FOREIGN KEY (`profiles_id`) REFERENCES `profiles` (`id`)
) ENGINE=InnoDB DEFAULT CHARSET=utf8mb4 COLLATE=utf8mb4_0900_ai_ci;
/*!40101 SET character_set_client = @saved_cs_client */;

--
-- Dumping data for table `status_on_course`
--

LOCK TABLES `status_on_course` WRITE;
/*!40000 ALTER TABLE `status_on_course` DISABLE KEYS */;
INSERT INTO `status_on_course` VALUES (84,27,_binary '\0'),(49,8,_binary ''),(84,27,_binary '\0'),(49,8,_binary ''),(88,2,_binary ''),(12,30,_binary '\0'),(8,21,_binary ''),(88,22,_binary '\0'),(94,50,_binary ''),(3,29,_binary '\0'),(63,11,_binary '\0'),(60,26,_binary ''),(75,10,_binary '\0'),(28,10,_binary '\0'),(69,14,_binary ''),(59,22,_binary ''),(10,1,_binary ''),(20,47,_binary '\0'),(55,35,_binary ''),(8,22,_binary ''),(71,10,_binary ''),(2,40,_binary '\0'),(60,45,_binary '\0'),(21,27,_binary '\0'),(88,12,_binary ''),(10,25,_binary ''),(46,35,_binary ''),(1,10,_binary ''),(89,14,_binary ''),(39,29,_binary ''),(56,49,_binary '\0'),(1,33,_binary '\0'),(99,11,_binary ''),(57,27,_binary ''),(89,33,_binary '\0'),(95,30,_binary '\0'),(83,49,_binary ''),(37,21,_binary ''),(85,29,_binary ''),(94,37,_binary ''),(82,2,_binary ''),(22,14,_binary ''),(72,12,_binary ''),(47,30,_binary ''),(50,43,_binary '\0'),(17,3,_binary '\0'),(82,9,_binary ''),(70,41,_binary ''),(38,14,_binary ''),(33,13,_binary ''),(91,14,_binary ''),(85,37,_binary ''),(24,11,_binary ''),(15,5,_binary '\0'),(79,5,_binary '\0'),(81,30,_binary '\0'),(12,2,_binary ''),(87,42,_binary ''),(25,17,_binary ''),(44,38,_binary ''),(18,30,_binary ''),(80,50,_binary ''),(78,25,_binary ''),(80,8,_binary ''),(76,7,_binary ''),(41,34,_binary ''),(41,13,_binary ''),(40,32,_binary ''),(46,27,_binary ''),(73,13,_binary '\0'),(62,27,_binary '\0'),(85,37,_binary ''),(84,27,_binary '\0'),(49,8,_binary ''),(88,2,_binary ''),(12,30,_binary '\0'),(8,21,_binary ''),(88,22,_binary '\0'),(94,50,_binary ''),(3,29,_binary '\0'),(63,11,_binary '\0'),(60,26,_binary ''),(75,10,_binary '\0'),(28,10,_binary '\0'),(69,14,_binary ''),(59,22,_binary ''),(10,1,_binary ''),(20,47,_binary '\0'),(55,35,_binary ''),(8,22,_binary ''),(71,10,_binary ''),(2,40,_binary '\0'),(60,45,_binary '\0'),(21,27,_binary '\0'),(88,12,_binary ''),(10,25,_binary ''),(46,35,_binary ''),(1,10,_binary ''),(89,14,_binary ''),(39,29,_binary ''),(56,49,_binary '\0'),(1,33,_binary '\0'),(99,11,_binary ''),(57,27,_binary ''),(89,33,_binary '\0'),(95,30,_binary '\0'),(83,49,_binary ''),(37,21,_binary ''),(85,29,_binary ''),(94,37,_binary ''),(82,2,_binary ''),(22,14,_binary ''),(72,12,_binary ''),(47,30,_binary ''),(50,43,_binary '\0'),(17,3,_binary '\0'),(82,9,_binary ''),(70,41,_binary ''),(38,14,_binary ''),(33,13,_binary ''),(91,14,_binary ''),(85,37,_binary ''),(24,11,_binary ''),(15,5,_binary ''),(79,5,_binary '\0'),(81,30,_binary '\0'),(12,2,_binary ''),(87,42,_binary ''),(25,17,_binary ''),(44,38,_binary ''),(18,30,_binary ''),(80,50,_binary '');
/*!40000 ALTER TABLE `status_on_course` ENABLE KEYS */;
UNLOCK TABLES;

--
-- Table structure for table `students`
--

DROP TABLE IF EXISTS `students`;
/*!40101 SET @saved_cs_client     = @@character_set_client */;
/*!50503 SET character_set_client = utf8mb4 */;
CREATE TABLE `students` (
  `profiles_id` int NOT NULL,
  `email` varchar(245) NOT NULL,
  `password` varchar(245) NOT NULL,
  KEY `fk_students_profiles1_idx` (`profiles_id`),
  CONSTRAINT `fk_students_profiles1` FOREIGN KEY (`profiles_id`) REFERENCES `profiles` (`id`)
) ENGINE=InnoDB DEFAULT CHARSET=utf8mb4 COLLATE=utf8mb4_0900_ai_ci;
/*!40101 SET character_set_client = @saved_cs_client */;

--
-- Dumping data for table `students`
--

LOCK TABLES `students` WRITE;
/*!40000 ALTER TABLE `students` DISABLE KEYS */;
INSERT INTO `students` VALUES (1,'stiedemann.dayne@example.com','3a52bcfa3401176f7504f396155fd9c06fc3fd03'),(2,'marquardt.alta@example.com','bed28c6cdb080a918a95a17d4de906987664ed53'),(3,'buford03@example.net','e94f180299280ff40668539a9a9ad39ff7ae943f'),(4,'wmayert@example.org','a95c8d0271f00a8ba35f252719477f7437495d6b'),(5,'dale47@example.org','49782b8202e57646cfa48df8a690c29cba3361d8'),(6,'marvin.ladarius@example.net','f0c6284fecd7dd4830953163e7816e7dafd363d2'),(7,'lucy.fadel@example.org','bca4d45ca7d543b4bc0489d86b6c6eec9c3c6d98'),(8,'watsica.jimmie@example.net','df99dea19ca2394e0d718599101b5cf99244d271'),(9,'joannie.mante@example.net','566febc5bebeadd21fdfaa8aa7c98a6aef056d55'),(10,'pullrich@example.com','041e298219accae2f946a92d3ef26df7254a6321'),(11,'ernestine.langosh@example.net','fa643980ef6a45e6eddbb1119a8d850a814356c2'),(12,'zoey31@example.com','4184b5e39fba51dd1966e9ad94425892872798c7'),(13,'zelda17@example.net','ee189f7e80bec603e3801384415f5900ceb53a13'),(14,'nstrosin@example.org','d2f2cfd46483070b4890b012bd79ed3be4b67b6f'),(15,'ylehner@example.com','c570eb9b1d4d3e8017a90ca75a28618668b1ea62'),(16,'nconroy@example.org','742fd2d0d643f782017f666ebd77cbc63363dbea'),(17,'keeling.alfred@example.com','8f93ec93ff9c66ffb88656b6b9621f03b39b77a3'),(18,'strosin.mallory@example.org','df8bb1f789c321f4866d227a4218d48c5a5707a8'),(19,'ukihn@example.net','77a760a9cbbc1e2bf4f04bcb81557254964721f7'),(20,'warren64@example.com','5e25454e9e0dde1ce1dcaa3635f7a990fd747e40'),(21,'virginie56@example.com','03343293383789b72e6a172ce23319b8827caab8'),(22,'susanna.reynolds@example.org','17a716892c5b97724ac0d523ed1bc022f1dd7314'),(23,'dayna43@example.com','90d9969afc6edb051997babf42b46f459a2a5d68'),(24,'deborah.barrows@example.net','42d471cba29acf882a4b0ddff749f3063131dee3'),(25,'ervin93@example.org','d3ec434d1000a15814a7762ff240256d4feba5f9'),(26,'anderson.adela@example.com','86ef2e0448fb1e4edd8eea7e06dc6d5be9b5a6dc'),(27,'dare.bria@example.org','c459a317522b7c0c31fe8232b751c844acbbbe81'),(28,'nbode@example.org','46e6a97ae4a16a0953c2e39a0adf51035c5c9843'),(29,'cernser@example.org','00987212c4219b01b15a0af72351a66ea28cf5e6'),(30,'miller.metz@example.com','eb01b5e7dcfe6708e07c44eed410f40716f1495b'),(31,'laltenwerth@example.net','499884a8e2e9158c10590ea252b3040870bbff39'),(32,'predovic.scarlett@example.com','51f6339655251c0315caea487e9db319933ab861'),(33,'adela04@example.net','e535967c712e69fd650738e5f83dc298a7952f82'),(34,'bkoss@example.com','59941173d7e74f2dd5f4e3f5b9b9813d200cf921'),(35,'virgie99@example.org','1fece17958735a0d2a8ceaba8b78737fa6bfc69e'),(36,'frances.boyle@example.net','a42b9271dd298ce7b5c19a873dcfaa62756d374f'),(37,'alana.stamm@example.com','7e405769069a462b8526380af78f0926e183c91f'),(38,'krice@example.org','f813e1abeaead84506ab37e7c765f0ca2fb28fed'),(39,'titus91@example.net','98baa91844a9a93af0dcbe2ab090c10b1f5c0ac6'),(40,'letitia.rath@example.org','c1bde04322e3945b7badd085e75bb027716f0f54'),(41,'ikuhlman@example.net','55046c5cf4ec75a866b2d92806bf7ea7cbe7aefb'),(42,'benton.fritsch@example.org','878de3b854c926923e502380a3d6fa6656230fbf'),(43,'blake70@example.com','821139789dab068f1e70ac4eddd0510097603ca1'),(44,'ed.schamberger@example.org','3af6fd2f2df7c3527267f2d6d15dc3be5dc854a4'),(45,'rosario97@example.com','a4b6c7723b6b8e6de685a302ff8e9e4b4280c994'),(46,'ubaumbach@example.net','08a64a0fe6d821095e0265f409315006c997fad3'),(47,'ardella53@example.net','14665280ebf07354276a4e67b042d478b5d70d2d'),(48,'konopelski.autumn@example.org','60e35f62528010401803b8322cf282d1fda8ff4c'),(49,'frogahn@example.net','d1dc6d151040cf9f68129e5e93d1c8096e45a3c5'),(50,'rosalee75@example.com','3460ab6ec9785476aaf7b86246c359d4318682a5'),(51,'dwatsica@example.org','0135d7f00866591d2952b00f092978fc29e3cb44'),(52,'domingo91@example.org','192623dad4fc450b5341395c2d383d619b070130'),(53,'odie.simonis@example.org','56d2bb9cc906dde1ef77c244b7f6fb6093faa51e'),(54,'jtreutel@example.org','61e81b7dc98f92225d3357a5fcaae60120480bda'),(55,'champlin.ezequiel@example.org','134de95e89bfd6c1e7bebb2a864f14b5804529ff'),(56,'demetrius35@example.net','180c5391d81d19e94bdd429029383b6b4e20433a'),(57,'moshe45@example.net','be4af787e68b792703d33010e5d396c0b9edc6a3'),(58,'wilbert73@example.net','a552b07cd95066af2776578fea3b91a78ba9628d'),(59,'bernie.tillman@example.com','ab30d1f22d0dd811489e9108ff1bd156b54296bb'),(60,'mhomenick@example.org','dff545010fcdac9ee380adc8c32abc7ce3078d94'),(1,'stiedemann.dayne@example.com','3a52bcfa3401176f7504f396155fd9c06fc3fd03'),(2,'marquardt.alta@example.com','bed28c6cdb080a918a95a17d4de906987664ed53'),(3,'buford03@example.net','e94f180299280ff40668539a9a9ad39ff7ae943f'),(4,'wmayert@example.org','a95c8d0271f00a8ba35f252719477f7437495d6b'),(5,'dale47@example.org','49782b8202e57646cfa48df8a690c29cba3361d8'),(6,'marvin.ladarius@example.net','f0c6284fecd7dd4830953163e7816e7dafd363d2'),(7,'lucy.fadel@example.org','bca4d45ca7d543b4bc0489d86b6c6eec9c3c6d98'),(8,'watsica.jimmie@example.net','df99dea19ca2394e0d718599101b5cf99244d271'),(9,'joannie.mante@example.net','566febc5bebeadd21fdfaa8aa7c98a6aef056d55'),(10,'pullrich@example.com','041e298219accae2f946a92d3ef26df7254a6321'),(11,'ernestine.langosh@example.net','fa643980ef6a45e6eddbb1119a8d850a814356c2'),(12,'zoey31@example.com','4184b5e39fba51dd1966e9ad94425892872798c7'),(13,'zelda17@example.net','ee189f7e80bec603e3801384415f5900ceb53a13'),(14,'nstrosin@example.org','d2f2cfd46483070b4890b012bd79ed3be4b67b6f'),(15,'ylehner@example.com','c570eb9b1d4d3e8017a90ca75a28618668b1ea62'),(16,'nconroy@example.org','742fd2d0d643f782017f666ebd77cbc63363dbea'),(17,'keeling.alfred@example.com','8f93ec93ff9c66ffb88656b6b9621f03b39b77a3'),(18,'strosin.mallory@example.org','df8bb1f789c321f4866d227a4218d48c5a5707a8'),(19,'ukihn@example.net','77a760a9cbbc1e2bf4f04bcb81557254964721f7'),(20,'warren64@example.com','5e25454e9e0dde1ce1dcaa3635f7a990fd747e40'),(21,'virginie56@example.com','03343293383789b72e6a172ce23319b8827caab8'),(22,'susanna.reynolds@example.org','17a716892c5b97724ac0d523ed1bc022f1dd7314'),(23,'dayna43@example.com','90d9969afc6edb051997babf42b46f459a2a5d68'),(24,'deborah.barrows@example.net','42d471cba29acf882a4b0ddff749f3063131dee3'),(25,'ervin93@example.org','d3ec434d1000a15814a7762ff240256d4feba5f9'),(26,'anderson.adela@example.com','86ef2e0448fb1e4edd8eea7e06dc6d5be9b5a6dc'),(27,'dare.bria@example.org','c459a317522b7c0c31fe8232b751c844acbbbe81'),(28,'nbode@example.org','46e6a97ae4a16a0953c2e39a0adf51035c5c9843'),(29,'cernser@example.org','00987212c4219b01b15a0af72351a66ea28cf5e6'),(30,'miller.metz@example.com','eb01b5e7dcfe6708e07c44eed410f40716f1495b'),(31,'laltenwerth@example.net','499884a8e2e9158c10590ea252b3040870bbff39'),(32,'predovic.scarlett@example.com','51f6339655251c0315caea487e9db319933ab861'),(33,'adela04@example.net','e535967c712e69fd650738e5f83dc298a7952f82'),(34,'bkoss@example.com','59941173d7e74f2dd5f4e3f5b9b9813d200cf921'),(35,'virgie99@example.org','1fece17958735a0d2a8ceaba8b78737fa6bfc69e'),(36,'frances.boyle@example.net','a42b9271dd298ce7b5c19a873dcfaa62756d374f'),(37,'alana.stamm@example.com','7e405769069a462b8526380af78f0926e183c91f'),(38,'krice@example.org','f813e1abeaead84506ab37e7c765f0ca2fb28fed'),(39,'titus91@example.net','98baa91844a9a93af0dcbe2ab090c10b1f5c0ac6'),(40,'letitia.rath@example.org','c1bde04322e3945b7badd085e75bb027716f0f54'),(41,'ikuhlman@example.net','55046c5cf4ec75a866b2d92806bf7ea7cbe7aefb'),(42,'benton.fritsch@example.org','878de3b854c926923e502380a3d6fa6656230fbf'),(43,'blake70@example.com','821139789dab068f1e70ac4eddd0510097603ca1'),(44,'ed.schamberger@example.org','3af6fd2f2df7c3527267f2d6d15dc3be5dc854a4'),(45,'rosario97@example.com','a4b6c7723b6b8e6de685a302ff8e9e4b4280c994'),(46,'ubaumbach@example.net','08a64a0fe6d821095e0265f409315006c997fad3'),(47,'ardella53@example.net','14665280ebf07354276a4e67b042d478b5d70d2d'),(48,'konopelski.autumn@example.org','60e35f62528010401803b8322cf282d1fda8ff4c'),(49,'frogahn@example.net','d1dc6d151040cf9f68129e5e93d1c8096e45a3c5'),(50,'rosalee75@example.com','3460ab6ec9785476aaf7b86246c359d4318682a5'),(51,'dwatsica@example.org','0135d7f00866591d2952b00f092978fc29e3cb44'),(52,'domingo91@example.org','192623dad4fc450b5341395c2d383d619b070130'),(53,'odie.simonis@example.org','56d2bb9cc906dde1ef77c244b7f6fb6093faa51e'),(54,'jtreutel@example.org','61e81b7dc98f92225d3357a5fcaae60120480bda'),(55,'champlin.ezequiel@example.org','134de95e89bfd6c1e7bebb2a864f14b5804529ff'),(56,'demetrius35@example.net','180c5391d81d19e94bdd429029383b6b4e20433a'),(57,'moshe45@example.net','be4af787e68b792703d33010e5d396c0b9edc6a3'),(58,'wilbert73@example.net','a552b07cd95066af2776578fea3b91a78ba9628d'),(59,'bernie.tillman@example.com','ab30d1f22d0dd811489e9108ff1bd156b54296bb'),(60,'mhomenick@example.org','dff545010fcdac9ee380adc8c32abc7ce3078d94');
/*!40000 ALTER TABLE `students` ENABLE KEYS */;
UNLOCK TABLES;

--
-- Table structure for table `students_on_course`
--

DROP TABLE IF EXISTS `students_on_course`;
/*!40101 SET @saved_cs_client     = @@character_set_client */;
/*!50503 SET character_set_client = utf8mb4 */;
CREATE TABLE `students_on_course` (
  `courses_id` int NOT NULL,
  `profiles_id` int NOT NULL,
  KEY `fk_students_on_course_courses1_idx` (`courses_id`),
  KEY `fk_students_on_course_profiles1_idx` (`profiles_id`),
  CONSTRAINT `fk_students_on_course_courses1` FOREIGN KEY (`courses_id`) REFERENCES `courses` (`id`),
  CONSTRAINT `fk_students_on_course_profiles1` FOREIGN KEY (`profiles_id`) REFERENCES `profiles` (`id`)
) ENGINE=InnoDB DEFAULT CHARSET=utf8mb4 COLLATE=utf8mb4_0900_ai_ci;
/*!40101 SET character_set_client = @saved_cs_client */;

--
-- Dumping data for table `students_on_course`
--

LOCK TABLES `students_on_course` WRITE;
/*!40000 ALTER TABLE `students_on_course` DISABLE KEYS */;
INSERT INTO `students_on_course` VALUES (24,3),(27,18),(30,78),(17,85),(49,36),(7,43),(37,40),(5,90),(29,97),(24,26),(12,96),(43,40),(15,21),(44,75),(10,99),(22,66),(1,95),(42,60),(37,16),(22,69),(26,57),(6,25),(48,20),(8,54),(8,61),(40,39),(29,64),(39,86),(43,65),(30,3),(32,2),(34,64),(49,51),(12,69),(34,67),(19,18),(12,48),(21,19),(34,57),(37,83),(9,51),(11,74),(7,100),(30,98),(32,18),(1,27),(10,68),(46,17),(10,14),(43,85),(41,23),(1,4),(36,44),(12,38),(50,95),(11,17),(23,43),(46,59),(21,49),(28,6),(34,57),(16,87),(12,23),(2,43),(18,89),(14,17),(6,29),(10,82),(37,42),(10,73),(19,40),(45,81),(41,80),(20,24),(15,95),(15,96),(26,61),(41,75),(42,85),(9,19),(37,44),(18,84),(37,55),(33,45),(49,84),(9,34),(12,7),(7,5),(43,53),(14,15),(24,57),(5,99),(9,92),(37,1),(39,91),(10,50),(18,55),(17,7),(5,99),(26,6),(42,69),(20,6),(38,53),(6,62),(3,38),(38,54),(48,85),(27,12),(39,26),(6,53),(9,31),(1,51),(43,36),(29,94),(17,9),(50,17),(39,39),(11,53),(46,32),(7,98),(35,89),(26,64),(37,4),(38,50),(15,87),(2,46),(9,5),(48,2),(20,53),(48,74),(31,94),(45,38),(17,11),(46,24),(22,4),(11,13),(46,72),(38,66),(38,52),(8,4),(19,18),(25,55),(12,44),(29,63),(49,51),(18,57),(23,25),(48,77),(18,85),(1,79),(45,21),(46,80),(46,67),(23,66),(9,61),(35,56),(40,18),(5,1),(31,66),(32,58),(9,99),(8,62),(12,9),(20,59),(47,39),(19,82),(30,28),(31,52),(48,7),(9,12),(34,87),(34,46),(2,77),(24,65),(22,10),(11,60),(4,36),(11,31),(23,60),(45,39),(49,27),(10,58),(28,82),(5,50),(45,26),(31,56),(6,28),(1,15),(3,48),(40,48),(29,1),(4,65),(19,28),(48,82),(44,85),(10,85),(6,40),(21,67),(11,51),(9,9),(38,78),(33,88),(3,66),(1,10),(7,82),(29,71),(41,64),(18,19),(46,32),(50,78),(9,19),(32,29),(29,5),(48,79),(28,11),(44,31),(44,51),(9,93),(9,20),(2,30),(1,60),(1,83),(12,37),(1,14),(34,1),(46,84),(10,54),(6,77),(30,7),(28,13),(9,42),(22,6),(46,61),(50,9),(40,1),(20,80),(31,40),(32,83),(38,63),(49,44),(32,88),(14,82),(21,40),(29,100),(24,13),(7,64),(27,56),(35,45),(8,69),(27,95),(35,92),(38,30),(16,37),(7,7),(50,9),(25,63),(48,77),(22,37),(9,2),(18,63),(7,48),(14,67),(2,97),(6,19),(33,65),(7,34),(29,88),(32,88),(13,76),(47,24),(42,43),(43,79),(10,30),(8,36),(16,52),(50,45),(50,25),(6,2),(11,23),(11,86),(44,33),(10,45),(11,83),(16,45),(29,25),(34,41),(34,54),(10,88),(42,36),(12,15),(44,22),(30,86),(24,71),(44,67),(47,8),(26,81),(21,71),(13,61),(27,57),(3,11),(24,3),(27,18),(30,78),(17,85),(49,36),(7,43),(37,40),(5,90),(29,97),(24,26),(12,96),(43,40),(15,21),(44,75),(10,99),(22,66),(1,95),(42,60),(37,16),(22,69),(26,57),(6,25),(48,20),(8,54),(8,61),(40,39),(29,64),(39,86),(43,65),(30,3),(32,2),(34,64),(49,51),(12,69),(34,67),(19,18),(12,48),(21,19),(34,57),(37,83),(9,51),(11,74),(7,100),(30,98),(32,18),(1,27),(10,68),(46,17),(10,14),(43,85),(41,23),(1,4),(36,44),(12,38),(50,95),(11,17),(23,43),(46,59),(21,49),(28,6),(34,57),(16,87),(12,23),(2,43),(18,89),(14,17),(6,29),(10,82),(37,42),(10,73),(19,40),(45,81),(41,80),(20,24),(15,95),(15,96),(26,61),(41,75),(42,85),(9,19),(37,44),(18,84),(37,55),(33,45),(49,84),(9,34),(12,7),(7,5),(43,53),(14,15),(24,57),(5,99),(9,92),(37,1),(39,91),(10,50),(18,55),(17,7),(5,99),(26,6),(42,69),(20,6),(38,53),(6,62),(3,38),(38,54),(48,85),(27,12),(39,26),(6,53),(9,31),(1,51),(43,36),(29,94),(17,9),(50,17),(39,39),(11,53),(46,32),(7,98),(35,89),(26,64),(37,4),(38,50),(15,87),(2,46),(9,5),(48,2),(20,53),(48,74),(31,94),(45,38),(17,11),(46,24),(22,4),(11,13),(46,72),(38,66),(38,52),(8,4),(19,18),(25,55),(12,44),(29,63),(49,51),(18,57),(23,25),(48,77),(18,85),(1,79),(45,21),(46,80),(46,67),(23,66),(9,61),(35,56),(40,18),(5,1),(31,66),(32,58),(9,99),(8,62),(12,9),(20,59),(47,39),(19,82),(30,28),(31,52),(48,7),(9,12),(34,87),(34,46),(2,77),(24,65),(22,10),(11,60),(4,36),(11,31),(23,60),(45,39),(49,27),(10,58),(28,82),(5,50),(45,26),(31,56),(6,28),(1,15),(3,48),(40,48),(29,1),(4,65),(19,28),(48,82),(44,85),(10,85),(6,40),(21,67),(11,51),(9,9),(38,78),(33,88),(3,66),(1,10),(7,82),(29,71),(41,64),(18,19),(46,32),(50,78),(9,19),(32,29),(29,5),(48,79),(28,11),(44,31),(44,51),(9,93),(9,20),(2,30),(1,60),(1,83),(12,37),(1,14),(34,1),(46,84),(10,54),(6,77),(30,7),(28,13),(9,42),(22,6),(46,61),(50,9),(40,1),(20,80),(31,40),(32,83),(38,63),(49,44),(32,88),(14,82),(21,40),(29,100),(24,13),(7,64),(27,56),(35,45),(8,69),(27,95),(35,92),(38,30),(16,37),(7,7),(50,9),(25,63),(48,77),(22,37),(9,2),(18,63),(7,48),(14,67),(2,97),(6,19),(33,65),(7,34),(29,88),(32,88),(13,76),(47,24),(42,43),(43,79),(10,30),(8,36),(16,52),(50,45),(50,25),(6,2),(11,23),(11,86),(44,33),(10,45),(11,83),(16,45),(29,25),(34,41),(34,54),(10,88),(42,36),(12,15),(44,22),(30,86),(24,71),(44,67),(47,8),(26,81),(21,71),(13,61),(27,57),(3,11),(24,3),(27,18),(30,78),(17,85),(49,36),(7,43),(37,40),(5,90),(29,97),(24,26),(12,96),(43,40),(15,21),(44,75),(10,99),(22,66),(1,95),(42,60),(37,16),(22,69),(26,57),(6,25),(48,20),(8,54),(8,61),(40,39),(29,64),(39,86),(43,65),(30,3),(32,2),(34,64),(49,51),(12,69),(34,67),(19,18),(12,48),(21,19),(34,57),(37,83),(9,51),(11,74),(7,100),(30,98),(32,18),(1,27),(10,68),(46,17),(10,14),(43,85),(41,23),(1,4),(36,44),(12,38),(50,95),(11,17),(23,43),(46,59),(21,49),(28,6),(34,57),(16,87),(12,23),(2,43),(18,89),(14,17),(6,29),(10,82),(37,42),(10,73),(19,40),(45,81),(41,80),(20,24),(15,95),(15,96),(26,61),(41,75),(42,85),(9,19),(37,44),(18,84),(37,55),(33,45),(49,84),(9,34),(12,7),(7,5),(43,53),(14,15),(24,57),(5,99),(9,92),(37,1),(39,91),(10,50),(18,55),(17,7),(5,99),(26,6),(42,69),(20,6),(38,53),(6,62),(3,38),(38,54),(48,85),(27,12),(39,26),(6,53),(9,31),(1,51),(43,36),(29,94),(17,9),(50,17),(39,39),(11,53),(46,32),(7,98),(35,89),(26,64),(37,4),(38,50),(15,87),(2,46),(9,5),(48,2),(20,53),(48,74),(31,94),(45,38),(17,11),(46,24),(22,4),(11,13),(46,72),(38,66),(38,52),(8,4),(19,18),(25,55),(12,44),(29,63),(49,51),(18,57),(23,25),(48,77),(18,85),(1,79),(45,21),(46,80),(46,67),(23,66),(9,61),(35,56),(40,18),(5,1),(31,66),(32,58),(9,99),(8,62),(12,9),(20,59),(47,39),(19,82),(30,28),(31,52),(48,7),(9,12),(34,87),(34,46),(2,77),(24,65),(22,10),(11,60),(4,36),(11,31),(23,60),(45,39),(49,27),(10,58),(28,82),(5,50),(45,26),(31,56),(6,28),(1,15),(3,48),(40,48),(29,1),(4,65),(19,28),(48,82),(44,85),(10,85),(6,40),(21,67),(11,51),(9,9),(38,78),(33,88),(3,66),(1,10),(7,82),(29,71),(41,64),(18,19),(46,32),(50,78),(9,19),(32,29),(29,5),(48,79),(28,11),(44,31),(44,51),(9,93),(9,20),(2,30),(1,60),(1,83),(12,37),(1,14),(34,1),(46,84),(10,54),(6,77),(30,7),(28,13),(9,42),(22,6),(46,61),(50,9),(40,1),(20,80),(31,40),(32,83),(38,63),(49,44),(32,88),(14,82),(21,40),(29,100),(24,13),(7,64),(27,56),(35,45),(8,69),(27,95),(35,92),(38,30),(16,37),(7,7),(50,9),(25,63),(48,77),(22,37),(9,2),(18,63),(7,48),(14,67),(2,97),(6,19),(33,65),(7,34),(29,88),(32,88),(13,76),(47,24),(42,43),(43,79),(10,30),(8,36),(16,52),(50,45),(50,25),(6,2),(11,23),(11,86),(44,33),(10,45),(11,83),(16,45),(29,25),(34,41),(34,54),(10,88),(42,36),(12,15),(44,22),(30,86),(24,71),(44,67),(47,8),(26,81),(21,71),(13,61),(27,57),(3,11);
/*!40000 ALTER TABLE `students_on_course` ENABLE KEYS */;
UNLOCK TABLES;

--
-- Table structure for table `teacher_on_course`
--

DROP TABLE IF EXISTS `teacher_on_course`;
/*!40101 SET @saved_cs_client     = @@character_set_client */;
/*!50503 SET character_set_client = utf8mb4 */;
CREATE TABLE `teacher_on_course` (
  `courses_id` int NOT NULL,
  `profiles_id` int NOT NULL,
  KEY `fk_teacher_on_course_courses1_idx` (`courses_id`),
  KEY `fk_teacher_on_course_profiles1_idx` (`profiles_id`),
  CONSTRAINT `fk_teacher_on_course_courses1` FOREIGN KEY (`courses_id`) REFERENCES `courses` (`id`),
  CONSTRAINT `fk_teacher_on_course_profiles1` FOREIGN KEY (`profiles_id`) REFERENCES `profiles` (`id`)
) ENGINE=InnoDB DEFAULT CHARSET=utf8mb4 COLLATE=utf8mb4_0900_ai_ci;
/*!40101 SET character_set_client = @saved_cs_client */;

--
-- Dumping data for table `teacher_on_course`
--

LOCK TABLES `teacher_on_course` WRITE;
/*!40000 ALTER TABLE `teacher_on_course` DISABLE KEYS */;
INSERT INTO `teacher_on_course` VALUES (1,29),(2,59),(3,69);
/*!40000 ALTER TABLE `teacher_on_course` ENABLE KEYS */;
UNLOCK TABLES;

--
-- Table structure for table `teachers`
--

DROP TABLE IF EXISTS `teachers`;
/*!40101 SET @saved_cs_client     = @@character_set_client */;
/*!50503 SET character_set_client = utf8mb4 */;
CREATE TABLE `teachers` (
  `profiles_id` int NOT NULL,
  `email` varchar(245) NOT NULL,
  `password` varchar(245) NOT NULL,
  KEY `fk_teachers_profiles_idx` (`profiles_id`),
  CONSTRAINT `fk_teachers_profiles` FOREIGN KEY (`profiles_id`) REFERENCES `profiles` (`id`)
) ENGINE=InnoDB DEFAULT CHARSET=utf8mb4 COLLATE=utf8mb4_0900_ai_ci;
/*!40101 SET character_set_client = @saved_cs_client */;

--
-- Dumping data for table `teachers`
--

LOCK TABLES `teachers` WRITE;
/*!40000 ALTER TABLE `teachers` DISABLE KEYS */;
INSERT INTO `teachers` VALUES (90,'kjohns@example.com','90bb4f1ade7142a9e93b48c4db7a5800253edbd2'),(43,'weissnat.omer@example.net','37379c5e8b9516824522103dfd964f9fcc849d8c'),(32,'johanna40@example.com','3d2043401369e4b9c8819887ccf5103af9e12405'),(78,'nfadel@example.org','f7302ebe23d29a395b0661597e6039f4f845eed2'),(69,'ransom.abshire@example.org','c14208621ff9b261347cd030762579ae3096fe24'),(37,'jett64@example.net','74c5e98c13400140011ec5d5ffe326b8e7ecf122'),(86,'may.thompson@example.com','d6e3d5f52c2e0c1399e5a3df2616944f4ac99c7f'),(88,'mohr.hailey@example.com','9deb73c1789684d9d1fa86076763f20c39de5c8e'),(17,'braun.keara@example.net','d8bd8fafe6b28ece568310b6d7cce748b61b8d4e'),(30,'hattie54@example.net','4b542c218469a03420a7b3ae7dc971eb9bb772b5'),(93,'dach.otha@example.net','cbf19226737088366475de2dd868630b342b08dd'),(14,'ibrahim.stroman@example.com','3615914256e96f9e68ff9a11e66c4eec28142d72'),(99,'veda.mitchell@example.net','4931e551194f559f4d1d71f3cd1743b6e3aca878'),(29,'rwilderman@example.org','a41fb8fe0078a289b438ab50cf7bcd7759718fa9'),(55,'eliseo.kilback@example.net','6b6824baec4f7c3ef70d5b5a11151053c8d21f1b'),(46,'kaci.nitzsche@example.com','c9c7e61f217a733e23b03151214871eedaea2efe'),(84,'georgianna94@example.com','42b5e1b4e02c22421fc3e03afcc1b85e56c6c587'),(86,'krystel81@example.net','3e2dfca02a41a2937467f4be6a7cf5df60708b17'),(59,'ardith.morar@example.net','07e982161bf8226ab73687ab9daf089c24ba13a4'),(47,'forn@example.net','0ee297505fa28ed88a145961d9abc92a0c29743c');
/*!40000 ALTER TABLE `teachers` ENABLE KEYS */;
UNLOCK TABLES;

--
-- Final view structure for view `all_users`
--

/*!50001 DROP VIEW IF EXISTS `all_users`*/;
/*!50001 SET @saved_cs_client          = @@character_set_client */;
/*!50001 SET @saved_cs_results         = @@character_set_results */;
/*!50001 SET @saved_col_connection     = @@collation_connection */;
/*!50001 SET character_set_client      = utf8mb4 */;
/*!50001 SET character_set_results     = utf8mb4 */;
/*!50001 SET collation_connection      = utf8mb4_0900_ai_ci */;
/*!50001 CREATE ALGORITHM=UNDEFINED */
/*!50013 DEFINER=`root`@`localhost` SQL SECURITY DEFINER */
/*!50001 VIEW `all_users` AS select `students`.`profiles_id` AS `profiles_id`,`students`.`email` AS `email`,`students`.`password` AS `password` from `students` union select `mentor`.`profiles_id` AS `profiles_id`,`mentor`.`email` AS `email`,`mentor`.`password` AS `password` from `mentor` union select `teachers`.`profiles_id` AS `profiles_id`,`teachers`.`email` AS `email`,`teachers`.`password` AS `password` from `teachers` */;
/*!50001 SET character_set_client      = @saved_cs_client */;
/*!50001 SET character_set_results     = @saved_cs_results */;
/*!50001 SET collation_connection      = @saved_col_connection */;

--
-- Final view structure for view `payment_on_courses`
--

/*!50001 DROP VIEW IF EXISTS `payment_on_courses`*/;
/*!50001 SET @saved_cs_client          = @@character_set_client */;
/*!50001 SET @saved_cs_results         = @@character_set_results */;
/*!50001 SET @saved_col_connection     = @@collation_connection */;
/*!50001 SET character_set_client      = utf8mb4 */;
/*!50001 SET character_set_results     = utf8mb4 */;
/*!50001 SET collation_connection      = utf8mb4_0900_ai_ci */;
/*!50001 CREATE ALGORITHM=UNDEFINED */
/*!50013 DEFINER=`root`@`localhost` SQL SECURITY DEFINER */
/*!50001 VIEW `payment_on_courses` AS select `pr`.`name` AS `user_name`,`pr`.`surname` AS `user_surname`,`pm`.`summ_payment` AS `payed`,(select `courses`.`name` from `courses` where (`pm`.`courses_id` = `courses`.`id`)) AS `name_of_course` from (`profiles` `pr` join `payments` `pm` on((`pr`.`id` = `pm`.`profiles_id`))) */;
/*!50001 SET character_set_client      = @saved_cs_client */;
/*!50001 SET character_set_results     = @saved_cs_results */;
/*!50001 SET collation_connection      = @saved_col_connection */;
/*!40103 SET TIME_ZONE=@OLD_TIME_ZONE */;

/*!40101 SET SQL_MODE=@OLD_SQL_MODE */;
/*!40014 SET FOREIGN_KEY_CHECKS=@OLD_FOREIGN_KEY_CHECKS */;
/*!40014 SET UNIQUE_CHECKS=@OLD_UNIQUE_CHECKS */;
/*!40101 SET CHARACTER_SET_CLIENT=@OLD_CHARACTER_SET_CLIENT */;
/*!40101 SET CHARACTER_SET_RESULTS=@OLD_CHARACTER_SET_RESULTS */;
/*!40101 SET COLLATION_CONNECTION=@OLD_COLLATION_CONNECTION */;
/*!40111 SET SQL_NOTES=@OLD_SQL_NOTES */;

-- Dump completed on 2020-11-01 16:50:13
